userId,topic,cluster,profile,turns,trace_count,mean_trace_length,unique_acts,avg_branching,avg_entropy
011bb520-7041-704f-b3e7-ab5c43dd3950,a1,0,Exploratorio / investigativo A,19,4,4.75,5,1.4,0.37277871251379635
011bd560-70e1-7036-62a9-3d29afd5179d,a6,0,Exploratorio / investigativo A,11,1,11.0,3,1.6666666666666667,0.353759374819711
014b6540-3041-705c-365b-d2029fb91b21,a2,0,Exploratorio / investigativo A,18,2,9.0,5,2.2,0.8900424129829492
014b6540-3041-705c-365b-d2029fb91b21,a5,0,Exploratorio / investigativo A,18,1,18.0,5,1.6,0.42510992953527305
014b6540-3041-705c-365b-d2029fb91b21,a6,0,Exploratorio / investigativo A,16,2,8.0,4,1.75,0.31940335920477886
017bc500-50b1-70d6-f73f-a218553355df,a2,0,Exploratorio / investigativo A,33,2,16.5,6,2.0,0.5614204212880344
017bc500-50b1-70d6-f73f-a218553355df,a7,0,Exploratorio / investigativo A,14,1,14.0,2,1.5,0.3420192178195208
019be580-4061-7075-debb-ffd77dc8ca40,a5,0,Exploratorio / investigativo A,8,2,4.0,6,1.0,0.5
01cbf550-9041-70f1-3bbe-92176ffa992e,a3,0,Exploratorio / investigativo A,16,2,8.0,4,1.5,0.5842384263265682
01cbf550-9041-70f1-3bbe-92176ffa992e,a4,0,Exploratorio / investigativo A,22,1,22.0,5,2.4,0.8181677512650525
01cbf550-9041-70f1-3bbe-92176ffa992e,a6,0,Exploratorio / investigativo A,24,3,8.0,4,1.75,0.29656953111478324
01ebf5c0-7001-7089-68b3-ebba941641c4,a3,0,Exploratorio / investigativo A,26,1,26.0,8,2.25,0.7544735369049056
113bc5a0-00c1-70a8-1558-53c8f78b1a99,a1,0,Exploratorio / investigativo A,16,2,8.0,5,2.0,0.7165587226509902
113bc5a0-00c1-70a8-1558-53c8f78b1a99,a3,0,Exploratorio / investigativo A,13,2,6.5,4,1.75,0.44812031259014445
115ba5a0-f021-7098-63b7-6750e7705b72,a4,0,Exploratorio / investigativo A,21,3,7.0,9,1.6666666666666667,0.9438415136583597
115ba5a0-f021-7098-63b7-6750e7705b72,a7,0,Exploratorio / investigativo A,6,1,6.0,3,1.3333333333333333,0.3060986113514965
116b0520-f0b1-70d5-0575-61162dd862fd,a3,0,Exploratorio / investigativo A,16,1,16.0,7,1.8571428571428572,0.4865198660327952
11cb0520-80d1-70f1-831e-2d3d54b32de3,a5,0,Exploratorio / investigativo A,18,2,9.0,5,1.6,0.6867288133213858
11cb7520-40f1-70ca-46b8-915a77bae7de,a2,0,Exploratorio / investigativo A,16,1,16.0,4,1.75,0.37277871251379646
11dbf510-3071-705c-f2d1-83420f60f130,a3,0,Exploratorio / investigativo A,37,2,18.5,6,2.5,0.9074452072620135
211b0520-f0e1-7015-0094-4310c79ba2e6,a3,0,Exploratorio / investigativo A,20,4,5.0,6,1.8333333333333333,0.6635126686524345
211b0520-f0e1-7015-0094-4310c79ba2e6,a4,0,Exploratorio / investigativo A,44,2,22.0,7,2.7142857142857144,1.0172863940978263
211b0520-f0e1-7015-0094-4310c79ba2e6,a5,0,Exploratorio / investigativo A,6,1,6.0,3,1.0,0.0
218b1530-20e1-701a-ba31-9c86c7da05bc,a4,0,Exploratorio / investigativo A,48,1,48.0,8,2.625,0.9389551569567345
218b1530-20e1-701a-ba31-9c86c7da05bc,a5,0,Exploratorio / investigativo A,34,1,34.0,6,2.0,0.4229612227097164
218b1530-20e1-701a-ba31-9c86c7da05bc,a6,0,Exploratorio / investigativo A,41,1,41.0,10,2.2,0.8922011784313633
218ba540-4081-70eb-5d75-b3fa54f82268,a7,0,Exploratorio / investigativo A,64,3,21.333333333333332,12,2.1666666666666665,0.5420514674149101
218be570-f0f1-7033-b8df-1466adc57225,a7,0,Exploratorio / investigativo A,12,3,4.0,2,1.5,0.4315602842833155
219b2590-e041-704c-6a88-f3a3366c6cc5,a2,0,Exploratorio / investigativo A,39,4,9.75,7,2.4285714285714284,0.9053975478581929
219b2590-e041-704c-6a88-f3a3366c6cc5,a3,0,Exploratorio / investigativo A,34,1,34.0,6,1.8333333333333333,0.28354576526136255
21db15f0-b041-70c8-aec0-cd297c0b55ac,a7,0,Exploratorio / investigativo A,6,1,6.0,4,1.25,0.25
310bd5d0-6061-7098-d41e-41b982248427,a2,0,Exploratorio / investigativo A,9,2,4.5,3,1.3333333333333333,0.6258145836939114
311bb5b0-8031-704a-d26b-1a35da2044f9,a3,0,Exploratorio / investigativo A,29,1,29.0,8,2.125,0.6143859332545157
311bb5b0-8031-704a-d26b-1a35da2044f9,a5,0,Exploratorio / investigativo A,53,2,26.5,8,2.5,0.9398294982218804
311bb5b0-8031-704a-d26b-1a35da2044f9,a7,0,Exploratorio / investigativo A,36,1,36.0,5,1.8,0.412453962181635
312b35d0-2051-7020-d5a8-cf5e4a3d2b40,a6,0,Exploratorio / investigativo A,6,1,6.0,3,1.3333333333333333,0.75
312b35d0-2051-7020-d5a8-cf5e4a3d2b40,a7,0,Exploratorio / investigativo A,7,1,7.0,4,1.25,0.25
313b9520-e021-70f9-4924-88d88686726c,a4,0,Exploratorio / investigativo A,21,1,21.0,6,2.0,0.590413541726763
315b9550-4081-7033-4f93-fe2be67cdfcc,a2,0,Exploratorio / investigativo A,4,1,4.0,2,1.0,0.0
31ab1560-b091-7055-7307-da7f622a0e6b,a5,0,Exploratorio / investigativo A,10,1,10.0,4,1.5,0.3129072918469557
31cb6500-d081-7067-9d22-37992452f2ad,a1,0,Exploratorio / investigativo A,50,3,16.666666666666668,9,2.7777777777777777,1.0661362578106928
31cb6500-d081-7067-9d22-37992452f2ad,a4,0,Exploratorio / investigativo A,20,1,20.0,4,2.0,0.6092731770382611
31db5580-10e1-70d5-9f5c-004b166ac03c,a4,0,Exploratorio / investigativo A,32,3,10.666666666666666,8,1.875,0.6746580308107925
410b95f0-5061-701c-4a3c-9930963ae77f,a5,0,Exploratorio / investigativo A,10,1,10.0,7,1.2857142857142858,0.430827083453526
411bd580-f051-7091-c64b-39f944fda7b6,a2,0,Exploratorio / investigativo A,18,2,9.0,5,2.2,0.8741487461225095
415b45e0-c021-70ec-1015-5db26e8e37a8,a2,0,Exploratorio / investigativo A,7,1,7.0,2,1.0,0.0
415b45e0-c021-70ec-1015-5db26e8e37a8,a3,0,Exploratorio / investigativo A,4,1,4.0,2,1.5,0.5
41cb85f0-d081-708c-e151-e2b062eb0f1d,a2,0,Exploratorio / investigativo A,22,2,11.0,5,2.0,0.7354269483832713
41cb85f0-d081-708c-e151-e2b062eb0f1d,a6,0,Exploratorio / investigativo A,7,1,7.0,4,1.5,0.396240625180289
41eb6500-1081-7006-138f-298c1f0f89f5,a2,0,Exploratorio / investigativo A,10,2,5.0,3,1.6666666666666667,0.5739760316291208
41eb6500-1081-7006-138f-298c1f0f89f5,a3,0,Exploratorio / investigativo A,6,1,6.0,4,1.0,0.3060986113514965
41eb6500-1081-7006-138f-298c1f0f89f5,a4,0,Exploratorio / investigativo A,13,1,13.0,5,2.0,0.7843856189774725
41eb6500-1081-7006-138f-298c1f0f89f5,a7,0,Exploratorio / investigativo A,6,2,3.0,2,1.0,0.0
510b5580-60e1-7095-f35a-7fd78cd92cfe,a7,0,Exploratorio / investigativo A,41,2,20.5,9,2.0,0.6401455645199352
511bf560-b061-7030-1534-373d6182148d,a2,0,Exploratorio / investigativo A,43,3,14.333333333333334,8,2.5,1.207791714110128
511bf560-b061-7030-1534-373d6182148d,a3,0,Exploratorio / investigativo A,22,2,11.0,7,2.0,0.6377460546027611
514b6590-9031-70f3-bdf0-6fb6ff753346,a4,0,Exploratorio / investigativo A,11,1,11.0,3,1.3333333333333333,0.49321336436542124
514b6590-9031-70f3-bdf0-6fb6ff753346,a5,0,Exploratorio / investigativo A,8,1,8.0,2,1.5,0.36096404744368116
51abb5c0-8061-70ad-a2f4-55de1f7ca8e9,a1,0,Exploratorio / investigativo A,4,1,4.0,4,0.75,0.0
611bf540-9091-708a-926e-51ff59cf9473,a6,0,Exploratorio / investigativo A,31,2,15.5,5,2.2,0.5752943969919224
61abe5e0-d021-7066-78e5-8732da2c09a0,a3,0,Exploratorio / investigativo A,22,2,11.0,6,1.8333333333333333,0.7397935927150753
61abe5e0-d021-7066-78e5-8732da2c09a0,a4,0,Exploratorio / investigativo A,33,1,33.0,7,2.2857142857142856,0.781292686302013
61abe5e0-d021-7066-78e5-8732da2c09a0,a6,0,Exploratorio / investigativo A,21,3,7.0,4,1.5,0.17496070997155966
61abe5e0-d021-7066-78e5-8732da2c09a0,a7,0,Exploratorio / investigativo A,8,1,8.0,2,1.5,0.32501121082417705
61bb4560-e0e1-70b5-d308-ad58511a0fc5,a2,0,Exploratorio / investigativo A,30,1,30.0,5,2.2,0.7741788492008543
61bb4560-e0e1-70b5-d308-ad58511a0fc5,a3,0,Exploratorio / investigativo A,39,2,19.5,8,2.5,0.9180473878566193
61bb4560-e0e1-70b5-d308-ad58511a0fc5,a4,0,Exploratorio / investigativo A,40,3,13.333333333333334,6,1.8333333333333333,0.22283881177401754
61bbc5f0-2041-7061-260b-a4d10ca29e45,a1,0,Exploratorio / investigativo A,3,1,3.0,3,0.6666666666666666,0.0
61dba5f0-00f1-7082-7b9c-b35054207615,a2,0,Exploratorio / investigativo A,3,1,3.0,2,1.0,0.0
61eb0590-9001-70e9-9ded-e189346bd845,a6,0,Exploratorio / investigativo A,13,1,13.0,6,1.8333333333333333,0.680827083453526
710bd530-f031-7016-ebe5-ee614a366f14,a5,0,Exploratorio / investigativo A,38,1,38.0,7,2.7142857142857144,1.093298265559337
710bd530-f031-7016-ebe5-ee614a366f14,a6,0,Exploratorio / investigativo A,10,1,10.0,6,1.3333333333333333,0.25
711b6580-50d1-70c7-2c33-364aab9519a1,a4,0,Exploratorio / investigativo A,18,3,6.0,6,1.6666666666666667,0.8514097655573916
711b6580-50d1-70c7-2c33-364aab9519a1,a5,0,Exploratorio / investigativo A,23,1,23.0,4,1.5,0.3658459466139845
714b9540-8061-70d8-daaa-8a4b42d4dd71,a1,0,Exploratorio / investigativo A,7,1,7.0,5,1.2,0.2
714b9540-8061-70d8-daaa-8a4b42d4dd71,a7,0,Exploratorio / investigativo A,29,1,29.0,6,2.0,0.5732497334152132
719b2530-2001-7002-244b-0c90ec1dc48d,a5,0,Exploratorio / investigativo A,32,1,32.0,7,2.0,0.5123824667169167
71ab5570-8001-709a-1343-b36f475fb202,a1,0,Exploratorio / investigativo A,48,1,48.0,8,2.0,0.38689689129398575
71ab5570-8001-709a-1343-b36f475fb202,a4,0,Exploratorio / investigativo A,9,1,9.0,4,1.75,0.7295739585136224
71ab5570-8001-709a-1343-b36f475fb202,a6,0,Exploratorio / investigativo A,21,1,21.0,3,1.6666666666666667,0.2047898152955856
71cb5540-20c1-70a9-1806-fbc6af5f0b86,a2,0,Exploratorio / investigativo A,13,3,4.333333333333333,5,1.8,0.8767226489021296
71cb5540-20c1-70a9-1806-fbc6af5f0b86,a3,0,Exploratorio / investigativo A,30,3,10.0,5,1.6,0.5136070012117078
71cb5540-20c1-70a9-1806-fbc6af5f0b86,a4,0,Exploratorio / investigativo A,25,4,6.25,5,1.8,0.4420906779570222
71db5530-00e1-709f-0e88-2c9a19f8dc8b,a3,0,Exploratorio / investigativo A,3,1,3.0,3,0.6666666666666666,0.0
71fb0550-10e1-7086-a384-f22bf12dee89,a3,0,Exploratorio / investigativo A,18,2,9.0,5,1.6,0.4182332579683419
811bc590-9011-705e-82d7-38a6c705a6c4,a3,0,Exploratorio / investigativo A,36,5,7.2,7,2.4285714285714284,0.9627570717765097
811bc590-9011-705e-82d7-38a6c705a6c4,a4,0,Exploratorio / investigativo A,10,1,10.0,4,1.75,0.646240625180289
811bc590-9011-705e-82d7-38a6c705a6c4,a7,0,Exploratorio / investigativo A,16,3,5.333333333333333,4,1.5,0.28919491236175987
812b15e0-7001-7072-351b-af5182106bba,a2,0,Exploratorio / investigativo A,13,3,4.333333333333333,4,1.75,0.5629072918469558
813b75b0-90b1-7068-9549-77eb9a62ffdc,a3,0,Exploratorio / investigativo A,46,7,6.571428571428571,8,1.875,0.8961378083431293
813b75b0-90b1-7068-9549-77eb9a62ffdc,a7,0,Exploratorio / investigativo A,12,5,2.4,3,1.0,0.32501121082417705
817b9500-8071-700f-6d35-00db749ffca6,a5,0,Exploratorio / investigativo A,16,2,8.0,3,1.6666666666666667,0.27222969610500697
817b9500-8071-700f-6d35-00db749ffca6,a6,0,Exploratorio / investigativo A,7,1,7.0,4,1.5,0.6666666666666666
819b2520-80d1-7040-a2e8-a74594524790,a3,0,Exploratorio / investigativo A,7,2,3.5,3,1.0,0.4056390622295664
81cbb5e0-9011-7077-7e4e-7aca1564666c,a3,0,Exploratorio / investigativo A,30,2,15.0,6,1.6666666666666667,0.22236824324134144
81cbb5e0-9011-7077-7e4e-7aca1564666c,a4,0,Exploratorio / investigativo A,42,5,8.4,8,2.25,0.9233487304251964
81fbe5c0-8001-7054-3ac3-3e9db3f6e198,a1,0,Exploratorio / investigativo A,70,2,35.0,6,3.6666666666666665,1.4522407430727233
919b25a0-0071-7022-b6bb-2716eefd7953,a4,0,Exploratorio / investigativo A,26,1,26.0,6,2.0,0.7071260212260219
91ab25a0-f051-70ce-9d29-ac0649a68c53,a6,0,Exploratorio / investigativo A,15,2,7.5,4,1.5,0.4258711456063718
91ab45a0-6011-7078-f1e9-b3a94075f7b7,a4,0,Exploratorio / investigativo A,20,1,20.0,4,2.25,0.9323934896284056
91ab45a0-6011-7078-f1e9-b3a94075f7b7,a6,0,Exploratorio / investigativo A,24,3,8.0,4,2.25,0.8896028781422747
91bbd550-f0a1-7047-142d-6aeab04713b1,a2,0,Exploratorio / investigativo A,12,1,12.0,4,2.5,1.146240625180289
91bbe500-b011-7005-c471-0da2f8815108,a3,0,Exploratorio / investigativo A,37,1,37.0,6,2.3333333333333335,0.8959381779197066
91bbe500-b011-7005-c471-0da2f8815108,a4,0,Exploratorio / investigativo A,30,1,30.0,6,2.0,0.6790559156274935
91cb75e0-00e1-70ae-d581-d5924359d3b1,a3,0,Exploratorio / investigativo A,15,1,15.0,4,1.75,0.6823934896284056
91cb75e0-00e1-70ae-d581-d5924359d3b1,a5,0,Exploratorio / investigativo A,13,1,13.0,3,1.6666666666666667,0.3073093649624541
91fb2530-b051-70f2-9bbb-1733c381bfbc,a5,0,Exploratorio / investigativo A,4,1,4.0,2,1.5,0.5
a10bd580-0091-709a-49e7-6e9c96ea58c6,a1,0,Exploratorio / investigativo A,17,2,8.5,7,2.0,0.6459486623347599
a10bd580-0091-709a-49e7-6e9c96ea58c6,a3,0,Exploratorio / investigativo A,36,4,9.0,7,1.8571428571428572,0.39712967374392044
a10bd580-0091-709a-49e7-6e9c96ea58c6,a5,0,Exploratorio / investigativo A,42,2,21.0,5,2.2,0.5345622859173209
a10bd580-0091-709a-49e7-6e9c96ea58c6,a6,0,Exploratorio / investigativo A,29,2,14.5,6,2.0,0.5523288757644843
a10bd580-0091-709a-49e7-6e9c96ea58c6,a7,0,Exploratorio / investigativo A,9,2,4.5,3,1.3333333333333333,0.6258145836939114
a13b5500-0021-7047-dba8-89607721af5d,a3,0,Exploratorio / investigativo A,29,1,29.0,6,2.3333333333333335,0.7157223331416379
a13b5500-0021-7047-dba8-89607721af5d,a4,0,Exploratorio / investigativo A,38,1,38.0,5,2.2,0.6989003724396609
a13b5500-0021-7047-dba8-89607721af5d,a7,0,Exploratorio / investigativo A,7,1,7.0,3,1.3333333333333333,0.6854752972273344
a15b55c0-6081-70cd-a61b-afbdaf0eff13,a2,0,Exploratorio / investigativo A,8,2,4.0,3,1.6666666666666667,0.5
a15b55c0-6081-70cd-a61b-afbdaf0eff13,a6,0,Exploratorio / investigativo A,19,1,19.0,3,2.3333333333333335,0.8469506943242516
a15bd5a0-20b1-705d-cacd-efb43606a358,a3,0,Exploratorio / investigativo A,15,1,15.0,5,1.8,0.9709393603541386
a15bd5a0-20b1-705d-cacd-efb43606a358,a5,0,Exploratorio / investigativo A,11,2,5.5,4,1.5,0.36478697925681114
a19b0540-7071-7042-dcd4-e8b1bed38ef4,a3,0,Exploratorio / investigativo A,7,1,7.0,2,1.0,0.0
a19b0540-7071-7042-dcd4-e8b1bed38ef4,a5,0,Exploratorio / investigativo A,11,1,11.0,5,1.6,0.3843856189774725
a19b0540-7071-7042-dcd4-e8b1bed38ef4,a6,0,Exploratorio / investigativo A,7,1,7.0,3,1.3333333333333333,0.2704260414863776
a19b0540-7071-7042-dcd4-e8b1bed38ef4,a7,0,Exploratorio / investigativo A,21,1,21.0,5,1.8,0.5093187128589877
a1cb4570-5011-70b5-5fdf-1eaee3de61f4,a2,0,Exploratorio / investigativo A,37,2,18.5,7,1.5714285714285714,0.24488481359867606
a1cb4570-5011-70b5-5fdf-1eaee3de61f4,a5,0,Exploratorio / investigativo A,21,1,21.0,6,1.6666666666666667,0.22832901254575014
a1cb4570-5011-70b5-5fdf-1eaee3de61f4,a6,0,Exploratorio / investigativo A,69,4,17.25,7,2.142857142857143,0.5420947816299893
a1cb4570-5011-70b5-5fdf-1eaee3de61f4,a7,0,Exploratorio / investigativo A,32,1,32.0,8,1.625,0.1527524857389564
a1dba540-c071-705a-e705-3f35ce26988f,a3,0,Exploratorio / investigativo A,11,1,11.0,6,1.3333333333333333,0.25
a1eb05a0-7031-707b-b065-0f30c86f0a6e,a5,0,Exploratorio / investigativo A,47,1,47.0,8,2.25,0.5543060557142806
a1eb05a0-7031-707b-b065-0f30c86f0a6e,a7,0,Exploratorio / investigativo A,25,2,12.5,5,1.4,0.15484866058345395
a1eba540-c0b1-7047-0613-98a1815ad2ae,a2,0,Exploratorio / investigativo A,16,2,8.0,5,1.6,0.5087128886399193
a1ebb500-9081-70a6-c0d9-6fc5a9b63b7d,a3,0,Exploratorio / investigativo A,7,1,7.0,3,1.6666666666666667,0.5
a1fb3570-f021-705f-6d23-353ec8617ab4,a7,0,Exploratorio / investigativo A,3,1,3.0,2,1.0,0.0
a1fbb540-3041-70e7-def6-bcec00a31d99,a1,0,Exploratorio / investigativo A,8,1,8.0,4,1.75,0.646240625180289
a1fbb540-3041-70e7-def6-bcec00a31d99,a5,0,Exploratorio / investigativo A,25,1,25.0,4,1.75,0.3401318278609271
a1fbb540-3041-70e7-def6-bcec00a31d99,a6,0,Exploratorio / investigativo A,11,1,11.0,4,1.75,0.5629072918469558
a1fbb540-3041-70e7-def6-bcec00a31d99,a7,0,Exploratorio / investigativo A,8,1,8.0,3,1.6666666666666667,0.45698353148488957
b19b0560-c011-70d1-0a4f-c32cfa1ae4cd,a6,0,Exploratorio / investigativo A,75,6,12.5,6,2.5,0.6961977291812945
b19ba550-c0d1-706b-5b31-6f30f3eaa255,a6,0,Exploratorio / investigativo A,22,3,7.333333333333333,4,1.75,0.5441588198258709
b19ba550-c0d1-706b-5b31-6f30f3eaa255,a7,0,Exploratorio / investigativo A,11,1,11.0,4,1.5,0.4125056054120885
b1bbe550-6071-708d-a4b6-8d280dff01d0,a1,0,Exploratorio / investigativo A,36,1,36.0,7,2.142857142857143,0.7394500399386977
b1bbe550-6071-708d-a4b6-8d280dff01d0,a2,0,Exploratorio / investigativo A,11,2,5.5,4,1.5,0.4323934896284056
b1cb15d0-c071-70b9-1731-442bca494a97,a3,0,Exploratorio / investigativo A,13,4,3.25,3,2.0,0.8134079763139507
c11b3500-c051-70c9-5385-6797f6c08070,a1,0,Exploratorio / investigativo A,42,1,42.0,9,3.2222222222222223,1.2793814286857963
c11bd560-50c1-70ac-8129-15966669f4ae,a4,0,Exploratorio / investigativo A,36,1,36.0,7,2.142857142857143,0.6549681406493549
c11bd560-50c1-70ac-8129-15966669f4ae,a6,0,Exploratorio / investigativo A,11,1,11.0,5,1.6,0.35849625007211555
c14bf560-2021-705a-7bb3-97ad9cbde502,a4,0,Exploratorio / investigativo A,10,1,10.0,4,2.0,1.3060986113514965
c14bf560-2021-705a-7bb3-97ad9cbde502,a7,0,Exploratorio / investigativo A,7,2,3.5,5,1.0,0.0
c17b5520-f0b1-70c8-8bf1-0f5bd26a0cad,a4,0,Exploratorio / investigativo A,9,1,9.0,5,1.4,0.48048202372184057
c17be530-0011-7066-b860-92d133614a57,a2,0,Exploratorio / investigativo A,19,2,9.5,3,2.0,0.6365200315299727
c17bf5d0-5091-70a9-0d1d-8fbc31f9c224,a4,0,Exploratorio / investigativo A,16,1,16.0,5,2.0,0.891829583405449
c1ab6550-a0a1-7068-381c-46a9e01d4df5,a7,0,Exploratorio / investigativo A,29,5,5.8,4,1.75,0.7252288064539355
c1ab95b0-80d1-7047-e0fd-cf25383a25c1,a2,0,Exploratorio / investigativo A,4,1,4.0,4,0.75,0.0
c1abe560-20f1-70dc-393f-5a083011e23f,a2,0,Exploratorio / investigativo A,20,1,20.0,5,1.6,0.38927458719708835
c1abe560-20f1-70dc-393f-5a083011e23f,a4,0,Exploratorio / investigativo A,5,1,5.0,2,1.5,0.4591479170272448
d17b0530-40c1-7051-3339-0d2a5bb89823,a2,0,Exploratorio / investigativo A,4,1,4.0,2,1.0,0.0
d17b0530-40c1-7051-3339-0d2a5bb89823,a3,0,Exploratorio / investigativo A,5,1,5.0,3,1.3333333333333333,0.3333333333333333
d17b4550-a0d1-7014-38bf-d8d68777c4f4,a2,0,Exploratorio / investigativo A,17,1,17.0,4,1.75,0.560118794892789
d17b4550-a0d1-7014-38bf-d8d68777c4f4,a3,0,Exploratorio / investigativo A,15,3,5.0,6,1.6666666666666667,0.7013781191217037
e12b2510-60e1-709a-9903-b758e497809a,a3,0,Exploratorio / investigativo A,4,1,4.0,3,1.0,0.5
e12ba500-f0e1-70f2-73ab-05c1cbc44b76,a3,0,Exploratorio / investigativo A,104,11,9.454545454545455,10,3.2,1.1036277009558644
e12ba500-f0e1-70f2-73ab-05c1cbc44b76,a5,0,Exploratorio / investigativo A,60,3,20.0,10,2.0,0.5940248150870935
e14bd5d0-0021-70f1-8b50-efac4033a68a,a6,0,Exploratorio / investigativo A,44,2,22.0,7,2.4285714285714284,0.9316450698279741
e14bd5d0-0021-70f1-8b50-efac4033a68a,a7,0,Exploratorio / investigativo A,34,2,17.0,4,1.75,0.2362924022799041
e16b9530-e031-70ad-d225-033f2f45a27d,a7,0,Exploratorio / investigativo A,10,1,10.0,3,1.3333333333333333,0.1972242595274425
e17b7530-3021-70d1-5891-3515d4c26ec6,a1,0,Exploratorio / investigativo A,13,1,13.0,7,1.2857142857142858,0.2774162965334102
e18b45c0-20a1-7039-271f-10630ddc7b88,a3,0,Exploratorio / investigativo A,31,1,31.0,5,2.8,1.1350028532931493
e18b45c0-20a1-7039-271f-10630ddc7b88,a4,0,Exploratorio / investigativo A,6,1,6.0,4,1.25,0.25
e19bc5d0-4021-7079-8270-a5b48b2ed74f,a3,0,Exploratorio / investigativo A,5,2,2.5,4,0.75,0.0
e1cb8510-60e1-709a-53ce-18a04547e565,a1,0,Exploratorio / investigativo A,4,1,4.0,2,1.5,0.5
e1cb9560-4091-706e-840f-87a913394f9e,a5,0,Exploratorio / investigativo A,34,3,11.333333333333334,10,1.9,0.4444716790052853
e1cb9560-4091-706e-840f-87a913394f9e,a6,0,Exploratorio / investigativo A,13,1,13.0,5,1.8,0.5328995558400923
e1ebc590-7061-70e7-0b53-19e34682613b,a1,0,Exploratorio / investigativo A,3,1,3.0,2,1.0,1.0
e1fbb500-50c1-7067-3f5b-f2a306231361,a2,0,Exploratorio / investigativo A,9,1,9.0,4,1.5,0.3427376486136672
e1fbb500-50c1-7067-3f5b-f2a306231361,a3,0,Exploratorio / investigativo A,11,3,3.6666666666666665,3,1.3333333333333333,0.5744174271404583
e1fbb500-50c1-7067-3f5b-f2a306231361,a7,0,Exploratorio / investigativo A,5,1,5.0,3,1.0,0.4591479170272448
f11bc560-6081-70ae-2949-07ca788f237b,a5,0,Exploratorio / investigativo A,25,1,25.0,6,1.6666666666666667,0.5828365676870427
f11bc560-6081-70ae-2949-07ca788f237b,a7,0,Exploratorio / investigativo A,20,2,10.0,4,2.0,0.610964047443681
f14b7530-60e1-704a-f8d5-4855523e6d94,a2,0,Exploratorio / investigativo A,7,1,7.0,3,1.3333333333333333,0.3060986113514965
f14b7530-60e1-704a-f8d5-4855523e6d94,a7,0,Exploratorio / investigativo A,43,1,43.0,9,2.2222222222222223,0.7283896074310477
f14be5c0-d081-70bb-548b-5d9ea05cc289,a4,0,Exploratorio / investigativo A,6,2,3.0,3,1.3333333333333333,0.792481250360578
f14be5c0-d081-70bb-548b-5d9ea05cc289,a5,0,Exploratorio / investigativo A,10,2,5.0,3,1.6666666666666667,0.4863826390090815
f15b75b0-6011-7034-bf08-1dd66fe5cffa,a1,0,Exploratorio / investigativo A,18,2,9.0,6,1.8333333333333333,0.5703213491478937
f15b75b0-6011-7034-bf08-1dd66fe5cffa,a7,0,Exploratorio / investigativo A,6,1,6.0,3,1.0,0.4056390622295664
f17ba530-1081-709f-a59d-3f05cc7fb431,a6,0,Exploratorio / investigativo A,26,1,26.0,5,2.2,0.7813138918219006
f17ba530-1081-709f-a59d-3f05cc7fb431,a7,0,Exploratorio / investigativo A,18,1,18.0,7,1.7142857142857142,0.6284917657424448
f1abd540-a0f1-70c2-5c22-206895f355ca,a2,0,Exploratorio / investigativo A,6,1,6.0,3,1.6666666666666667,0.5283208335737187
f1abd540-a0f1-70c2-5c22-206895f355ca,a4,0,Exploratorio / investigativo A,26,1,26.0,5,1.8,0.47210150031472614
f1abd540-a0f1-70c2-5c22-206895f355ca,a6,0,Exploratorio / investigativo A,35,4,8.75,5,1.8,0.624029553444574
f1abd540-a0f1-70c2-5c22-206895f355ca,a7,0,Exploratorio / investigativo A,19,1,19.0,3,1.6666666666666667,0.30186242056608675
f1cbc5b0-a0b1-7062-ca17-580f39de4c83,a4,0,Exploratorio / investigativo A,14,3,4.666666666666667,5,1.4,0.4375
012b8580-9011-70e5-0aa0-480c3bb39caa,a2,1,Localmente sistematico,2,1,2.0,2,0.5,0.0
012b8580-9011-70e5-0aa0-480c3bb39caa,a5,1,Localmente sistematico,4,2,2.0,2,1.0,1.0
014b6540-3041-705c-365b-d2029fb91b21,a7,1,Localmente sistematico,2,1,2.0,1,1.0,0.0
016b15c0-a071-70a4-d6d6-0aae841b512a,a6,1,Localmente sistematico,2,1,2.0,2,0.5,0.0
016b65a0-90b1-703c-a8e3-caf440f1860a,a1,1,Localmente sistematico,7,3,2.3333333333333335,4,1.0,0.3333333333333333
017b8560-6081-70e4-7303-6882d8635df0,a1,1,Localmente sistematico,2,1,2.0,2,0.5,0.0
019be580-4061-7075-debb-ffd77dc8ca40,a2,1,Localmente sistematico,3,1,3.0,2,1.0,0.0
01cbf550-9041-70f1-3bbe-92176ffa992e,a1,1,Localmente sistematico,2,1,2.0,1,1.0,0.0
01ebb520-b0d1-709a-ca45-bb5b571f108f,a3,1,Localmente sistematico,2,1,2.0,2,0.5,0.0
112b5570-40c1-70f5-ada6-8cd2d2eb5007,a6,1,Localmente sistematico,5,2,2.5,3,1.0,0.0
113bc5a0-00c1-70a8-1558-53c8f78b1a99,a4,1,Localmente sistematico,2,1,2.0,1,1.0,0.0
116b0520-f0b1-70d5-0575-61162dd862fd,a6,1,Localmente sistematico,2,1,2.0,2,0.5,0.0
119b55f0-6001-70b7-9cf8-aff7a0dc1623,a1,1,Localmente sistematico,7,3,2.3333333333333335,2,1.0,0.0
119b55f0-6001-70b7-9cf8-aff7a0dc1623,a4,1,Localmente sistematico,6,3,2.0,2,1.5,0.5
11dbd5f0-80a1-7076-d1aa-848948d336e3,a3,1,Localmente sistematico,2,1,2.0,2,0.5,0.0
11dbf510-3071-705c-f2d1-83420f60f130,a1,1,Localmente sistematico,5,2,2.5,3,1.0,0.0
210bd5c0-70d1-7070-b076-8b8ae197fb56,a7,1,Localmente sistematico,2,1,2.0,2,0.5,0.0
217b8540-6011-7086-a648-de542f534c22,a1,1,Localmente sistematico,3,1,3.0,3,0.6666666666666666,0.0
217b8540-6011-7086-a648-de542f534c22,a2,1,Localmente sistematico,2,1,2.0,2,0.5,0.0
218be570-f0f1-7033-b8df-1466adc57225,a4,1,Localmente sistematico,4,2,2.0,2,1.0,0.0
219b2590-e041-704c-6a88-f3a3366c6cc5,a1,1,Localmente sistematico,2,1,2.0,2,0.5,0.0
21bb9560-e091-7093-48ce-07076388c6c5,a4,1,Localmente sistematico,2,1,2.0,2,0.5,0.0
21bb9560-e091-7093-48ce-07076388c6c5,a5,1,Localmente sistematico,2,1,2.0,2,0.5,0.0
21bb9560-e091-7093-48ce-07076388c6c5,a6,1,Localmente sistematico,3,1,3.0,3,0.6666666666666666,0.0
21fb2560-d0c1-70cc-8456-cb80cc078b11,a6,1,Localmente sistematico,2,1,2.0,1,1.0,0.0
21fba590-60a1-70ba-0967-7fe100d86137,a1,1,Localmente sistematico,2,1,2.0,2,0.5,0.0
310bd5d0-6061-7098-d41e-41b982248427,a7,1,Localmente sistematico,3,1,3.0,3,0.6666666666666666,0.0
311b2590-2041-700f-ce56-3226dd4728d9,a4,1,Localmente sistematico,3,1,3.0,2,1.0,0.0
311bb5b0-8031-704a-d26b-1a35da2044f9,a6,1,Localmente sistematico,2,1,2.0,1,1.0,0.0
313b35f0-a0f1-70ff-7490-f9e5e8fea858,a1,1,Localmente sistematico,2,1,2.0,2,0.5,0.0
313b35f0-a0f1-70ff-7490-f9e5e8fea858,a2,1,Localmente sistematico,6,3,2.0,3,1.0,1.584962500721156
31ab1560-b091-7055-7307-da7f622a0e6b,a6,1,Localmente sistematico,2,1,2.0,1,1.0,0.0
31db5580-10e1-70d5-9f5c-004b166ac03c,a1,1,Localmente sistematico,2,1,2.0,2,0.5,0.0
31fbe520-0061-70e7-7783-8fdc38bd09fd,a1,1,Localmente sistematico,2,1,2.0,2,0.5,0.0
410b95f0-5061-701c-4a3c-9930963ae77f,a1,1,Localmente sistematico,2,1,2.0,2,0.5,0.0
410bf580-d041-70ad-e668-e60717bb3b98,a4,1,Localmente sistematico,2,1,2.0,1,1.0,0.0
411bd580-f051-7091-c64b-39f944fda7b6,a1,1,Localmente sistematico,2,1,2.0,2,0.5,0.0
411bd580-f051-7091-c64b-39f944fda7b6,a5,1,Localmente sistematico,2,1,2.0,1,1.0,0.0
415b55a0-10a1-704e-fbb1-94f533c8040b,a5,1,Localmente sistematico,2,1,2.0,2,0.5,0.0
41bbf590-9091-7030-9e14-d33b01f1aae6,a3,1,Localmente sistematico,2,1,2.0,2,0.5,0.0
41eb6500-1081-7006-138f-298c1f0f89f5,a5,1,Localmente sistematico,2,1,2.0,1,1.0,0.0
51ebb5a0-6021-7085-ff7f-676d2ac635a3,a1,1,Localmente sistematico,4,1,4.0,3,1.0,0.0
51ebb5a0-6021-7085-ff7f-676d2ac635a3,a2,1,Localmente sistematico,4,2,2.0,4,0.5,0.0
611bf540-9091-708a-926e-51ff59cf9473,a3,1,Localmente sistematico,7,3,2.3333333333333335,6,0.6666666666666666,0.0
618b3510-8031-705d-7448-12d2783e3064,a2,1,Localmente sistematico,2,1,2.0,1,1.0,0.0
618b3510-8031-705d-7448-12d2783e3064,a3,1,Localmente sistematico,2,1,2.0,2,0.5,0.0
619bf560-4021-7015-9155-f148328587b8,a1,1,Localmente sistematico,2,1,2.0,2,0.5,0.0
61eb0590-9001-70e9-9ded-e189346bd845,a1,1,Localmente sistematico,2,1,2.0,2,0.5,0.0
61eb0590-9001-70e9-9ded-e189346bd845,a3,1,Localmente sistematico,4,1,4.0,3,1.0,0.5
711b6580-50d1-70c7-2c33-364aab9519a1,a7,1,Localmente sistematico,2,1,2.0,2,0.5,0.0
71cb5540-20c1-70a9-1806-fbc6af5f0b86,a1,1,Localmente sistematico,2,1,2.0,2,0.5,0.0
71cbe580-90f1-7027-51c8-f471e501854b,a7,1,Localmente sistematico,2,1,2.0,2,0.5,0.0
71db5530-00e1-709f-0e88-2c9a19f8dc8b,a2,1,Localmente sistematico,2,1,2.0,2,0.5,0.0
812b15e0-7001-7072-351b-af5182106bba,a7,1,Localmente sistematico,2,1,2.0,2,0.5,0.0
813b75b0-90b1-7068-9549-77eb9a62ffdc,a4,1,Localmente sistematico,10,5,2.0,3,1.0,0.0
813b75b0-90b1-7068-9549-77eb9a62ffdc,a6,1,Localmente sistematico,2,1,2.0,1,1.0,0.0
819b2520-80d1-7040-a2e8-a74594524790,a1,1,Localmente sistematico,2,1,2.0,2,0.5,0.0
81fbd560-90f1-70a6-16ea-d6a5ac61b239,a1,1,Localmente sistematico,9,2,4.5,6,1.0,0.18365916681089792
81fbd560-90f1-70a6-16ea-d6a5ac61b239,a7,1,Localmente sistematico,10,1,10.0,6,1.1666666666666667,0.27419011889093375
912bd5e0-5061-7098-cb02-8d6eae25468c,a6,1,Localmente sistematico,2,1,2.0,2,0.5,0.0
917bc500-1061-70c3-4dd4-f053938b1826,a2,1,Localmente sistematico,2,1,2.0,2,0.5,0.0
91eb4560-80d1-706f-3e42-8631c8034d21,a1,1,Localmente sistematico,2,1,2.0,1,1.0,0.0
91eb4560-80d1-706f-3e42-8631c8034d21,a2,1,Localmente sistematico,2,1,2.0,1,1.0,0.0
91fb2530-b051-70f2-9bbb-1733c381bfbc,a1,1,Localmente sistematico,2,1,2.0,2,0.5,0.0
a18b2540-90e1-70f8-deb6-fc59ae3297da,a1,1,Localmente sistematico,2,1,2.0,1,1.0,0.0
a18b2540-90e1-70f8-deb6-fc59ae3297da,a3,1,Localmente sistematico,5,2,2.5,2,1.0,0.0
a1eba540-c0b1-7047-0613-98a1815ad2ae,a5,1,Localmente sistematico,3,1,3.0,2,1.0,0.0
a1ebb500-9081-70a6-c0d9-6fc5a9b63b7d,a2,1,Localmente sistematico,2,1,2.0,1,1.0,0.0
a1ebb500-9081-70a6-c0d9-6fc5a9b63b7d,a6,1,Localmente sistematico,3,1,3.0,2,1.0,0.0
a1fbb540-3041-70e7-def6-bcec00a31d99,a4,1,Localmente sistematico,5,1,5.0,5,0.8,0.0
a1fbd5d0-e0e1-7054-7a08-05c01f9a74b1,a3,1,Localmente sistematico,2,1,2.0,1,1.0,0.0
b10b7510-d0b1-702f-66b3-3c1a07997d6d,a3,1,Localmente sistematico,8,4,2.0,3,1.0,0.4591479170272448
b10b7510-d0b1-702f-66b3-3c1a07997d6d,a4,1,Localmente sistematico,2,1,2.0,1,1.0,0.0
b12b4550-8001-70f9-71be-240eab8f838e,a1,1,Localmente sistematico,2,1,2.0,2,0.5,0.0
b13be530-5051-70d1-0e6c-be1458ec7929,a1,1,Localmente sistematico,8,3,2.6666666666666665,5,1.0,0.5283208335737187
b14bd5f0-0011-704d-7e86-b55f1b5f014a,a2,1,Localmente sistematico,2,1,2.0,2,0.5,0.0
b14bd5f0-0011-704d-7e86-b55f1b5f014a,a6,1,Localmente sistematico,2,1,2.0,1,1.0,0.0
b17b05e0-3031-7053-8f2e-c462e449a396,a6,1,Localmente sistematico,2,1,2.0,2,0.5,0.0
b19b0560-c011-70d1-0a4f-c32cfa1ae4cd,a7,1,Localmente sistematico,5,2,2.5,4,0.75,0.0
b19ba550-c0d1-706b-5b31-6f30f3eaa255,a1,1,Localmente sistematico,2,1,2.0,2,0.5,0.0
c10ba560-5051-7080-335e-1e8aaac1f227,a4,1,Localmente sistematico,2,1,2.0,1,1.0,0.0
c10ba560-5051-7080-335e-1e8aaac1f227,a7,1,Localmente sistematico,2,1,2.0,1,1.0,0.0
c11b2520-70e1-70c8-4f5c-e637ca6a861c,a3,1,Localmente sistematico,2,1,2.0,1,1.0,0.0
c14bf560-2021-705a-7bb3-97ad9cbde502,a3,1,Localmente sistematico,4,2,2.0,3,0.6666666666666666,0.0
c15ba5f0-4051-708c-e082-cb7682fd01b2,a2,1,Localmente sistematico,3,1,3.0,3,0.6666666666666666,0.0
c15ba5f0-4051-708c-e082-cb7682fd01b2,a4,1,Localmente sistematico,2,1,2.0,2,0.5,0.0
c16b2580-e0d1-70dd-532d-007653cefda9,a5,1,Localmente sistematico,3,1,3.0,2,1.0,1.0
c17b75e0-00a1-7042-14cc-ebf9cec71595,a1,1,Localmente sistematico,2,1,2.0,2,0.5,0.0
c17bf5d0-5091-70a9-0d1d-8fbc31f9c224,a5,1,Localmente sistematico,4,2,2.0,2,1.0,0.0
c1ab6550-a0a1-7068-381c-46a9e01d4df5,a2,1,Localmente sistematico,2,1,2.0,1,1.0,0.0
c1ab8590-4021-709d-24e8-65c1ff2dac53,a1,1,Localmente sistematico,2,1,2.0,2,0.5,0.0
c1ab95b0-80d1-7047-e0fd-cf25383a25c1,a7,1,Localmente sistematico,2,1,2.0,2,0.5,0.0
c1fbd5c0-a001-70fd-355d-eb03b3584e47,a5,1,Localmente sistematico,3,1,3.0,3,0.6666666666666666,0.0
d10bd540-b0a1-702b-2353-0f09ca339f59,a1,1,Localmente sistematico,2,1,2.0,1,1.0,0.0
d10bd540-b0a1-702b-2353-0f09ca339f59,a3,1,Localmente sistematico,2,1,2.0,2,0.5,0.0
d14be530-3021-7083-6ee6-f96210849e13,a1,1,Localmente sistematico,2,1,2.0,1,1.0,0.0
d17b4550-a0d1-7014-38bf-d8d68777c4f4,a5,1,Localmente sistematico,2,1,2.0,2,0.5,0.0
d17b6520-5071-7048-0b67-edd7ac9f9e44,a5,1,Localmente sistematico,2,1,2.0,2,0.5,0.0
d17b6520-5071-7048-0b67-edd7ac9f9e44,a7,1,Localmente sistematico,2,1,2.0,2,0.5,0.0
d1bb4520-5021-700b-e6c7-ba9f0d11e538,a1,1,Localmente sistematico,2,1,2.0,2,0.5,0.0
d1cb95b0-3071-70d0-f547-ba55b3123783,a3,1,Localmente sistematico,4,1,4.0,4,0.75,0.0
d1cba5c0-4041-7099-95fd-aac383e0a3cb,a1,1,Localmente sistematico,2,1,2.0,1,1.0,0.0
d1cba5c0-4041-7099-95fd-aac383e0a3cb,a5,1,Localmente sistematico,2,1,2.0,2,0.5,0.0
d1cba5c0-4041-7099-95fd-aac383e0a3cb,a7,1,Localmente sistematico,2,1,2.0,1,1.0,0.0
e11ba5c0-60e1-7014-3010-a78f186a4362,a2,1,Localmente sistematico,2,1,2.0,2,0.5,0.0
e14bd5c0-2091-70a1-3e0d-252a10bc1372,a3,1,Localmente sistematico,2,1,2.0,2,0.5,0.0
e14bd5d0-0021-70f1-8b50-efac4033a68a,a1,1,Localmente sistematico,4,1,4.0,3,1.0,0.5
e17b7530-3021-70d1-5891-3515d4c26ec6,a5,1,Localmente sistematico,2,1,2.0,1,1.0,0.0
e18b45c0-20a1-7039-271f-10630ddc7b88,a1,1,Localmente sistematico,2,1,2.0,2,0.5,0.0
e18b6520-b0e1-70b8-ec64-a69aa95d052f,a6,1,Localmente sistematico,2,1,2.0,2,0.5,0.0
e19bc5d0-4021-7079-8270-a5b48b2ed74f,a4,1,Localmente sistematico,2,1,2.0,2,0.5,0.0
e1cb9560-4091-706e-840f-87a913394f9e,a1,1,Localmente sistematico,2,1,2.0,2,0.5,0.0
f14b7530-60e1-704a-f8d5-4855523e6d94,a1,1,Localmente sistematico,2,1,2.0,2,0.5,0.0
f14be5c0-d081-70bb-548b-5d9ea05cc289,a6,1,Localmente sistematico,2,1,2.0,2,0.5,0.0
f15b75b0-6011-7034-bf08-1dd66fe5cffa,a4,1,Localmente sistematico,5,2,2.5,4,0.75,0.0
f16b2520-6021-70ee-b980-7a50d804795d,a1,1,Localmente sistematico,2,1,2.0,2,0.5,0.0
f1cba540-a0d1-70b2-f94d-ddac74add408,a3,1,Localmente sistematico,3,1,3.0,2,1.0,0.0
016b65a0-90b1-703c-a8e3-caf440f1860a,a6,2,Linear / diretivo,11,2,5.5,2,1.0,0.5032583347756457
017b8560-6081-70e4-7303-6882d8635df0,a2,2,Linear / diretivo,9,1,9.0,3,1.3333333333333333,0.825011210824177
019be580-4061-7075-debb-ffd77dc8ca40,a3,2,Linear / diretivo,3,1,3.0,1,1.0,0.0
01ebb520-b0d1-709a-ca45-bb5b571f108f,a7,2,Linear / diretivo,5,1,5.0,1,1.0,0.0
01ebf5c0-7001-7089-68b3-ebba941641c4,a6,2,Linear / diretivo,9,2,4.5,2,1.0,0.5916727785823275
218be570-f0f1-7033-b8df-1466adc57225,a2,2,Linear / diretivo,5,1,5.0,2,1.0,0.0
21bb9560-e091-7093-48ce-07076388c6c5,a3,2,Linear / diretivo,3,1,3.0,1,1.0,0.0
21fb2560-d0c1-70cc-8456-cb80cc078b11,a3,2,Linear / diretivo,7,1,7.0,1,1.0,0.0
21fb2560-d0c1-70cc-8456-cb80cc078b11,a7,2,Linear / diretivo,11,1,11.0,1,1.0,0.0
312b35d0-2051-7020-d5a8-cf5e4a3d2b40,a2,2,Linear / diretivo,3,1,3.0,1,1.0,0.0
315b9550-4081-7033-4f93-fe2be67cdfcc,a6,2,Linear / diretivo,3,1,3.0,1,1.0,0.0
31db5580-10e1-70d5-9f5c-004b166ac03c,a6,2,Linear / diretivo,5,2,2.5,1,1.0,0.0
31fbe520-0061-70e7-7783-8fdc38bd09fd,a7,2,Linear / diretivo,4,1,4.0,1,1.0,0.0
411be510-8031-7076-69a0-27626d9dd276,a2,2,Linear / diretivo,7,1,7.0,1,1.0,0.0
41cb85f0-d081-708c-e151-e2b062eb0f1d,a1,2,Linear / diretivo,4,1,4.0,2,1.0,0.0
514b6590-9031-70f3-bdf0-6fb6ff753346,a6,2,Linear / diretivo,5,1,5.0,1,1.0,0.0
619bf560-4021-7015-9155-f148328587b8,a4,2,Linear / diretivo,5,1,5.0,3,1.0,0.0
719b2530-2001-7002-244b-0c90ec1dc48d,a7,2,Linear / diretivo,6,1,6.0,2,1.0,0.7219280948873623
812b15e0-7001-7072-351b-af5182106bba,a6,2,Linear / diretivo,11,1,11.0,1,1.0,0.0
911b1530-f081-70c6-8ba9-81ba9defa173,a4,2,Linear / diretivo,8,3,2.6666666666666665,2,1.0,0.0
919be590-7081-7003-3cef-906e621826ff,a5,2,Linear / diretivo,7,2,3.5,1,1.0,0.0
91bbe500-b011-7005-c471-0da2f8815108,a1,2,Linear / diretivo,3,1,3.0,1,1.0,0.0
91bbe500-b011-7005-c471-0da2f8815108,a5,2,Linear / diretivo,4,1,4.0,1,1.0,0.0
a13b5500-0021-7047-dba8-89607721af5d,a5,2,Linear / diretivo,7,1,7.0,2,1.0,0.6500224216483541
a15b55c0-6081-70cd-a61b-afbdaf0eff13,a7,2,Linear / diretivo,23,1,23.0,2,1.0,0.26676498780302604
a15bd5a0-20b1-705d-cacd-efb43606a358,a7,2,Linear / diretivo,9,1,9.0,2,1.0,0.5435644431995964
b13be530-5051-70d1-0e6c-be1458ec7929,a3,2,Linear / diretivo,5,1,5.0,1,1.0,0.0
b14ba500-e041-701b-eba7-204e26a8a5b7,a6,2,Linear / diretivo,6,1,6.0,1,1.0,0.0
b17b05e0-3031-7053-8f2e-c462e449a396,a3,2,Linear / diretivo,3,1,3.0,1,1.0,0.0
c10ba560-5051-7080-335e-1e8aaac1f227,a6,2,Linear / diretivo,3,1,3.0,1,1.0,0.0
c11b2520-70e1-70c8-4f5c-e637ca6a861c,a1,2,Linear / diretivo,6,2,3.0,3,0.6666666666666666,0.0
c11b2520-70e1-70c8-4f5c-e637ca6a861c,a2,2,Linear / diretivo,3,1,3.0,1,1.0,0.0
c16b0500-b021-70a6-5bdc-2c3e5e0472c6,a3,2,Linear / diretivo,3,1,3.0,1,1.0,0.0
c16b2580-e0d1-70dd-532d-007653cefda9,a6,2,Linear / diretivo,5,1,5.0,3,1.0,0.4591479170272448
c17bf5d0-5091-70a9-0d1d-8fbc31f9c224,a7,2,Linear / diretivo,5,1,5.0,2,1.0,0.8112781244591328
d10bd540-b0a1-702b-2353-0f09ca339f59,a7,2,Linear / diretivo,4,1,4.0,1,1.0,0.0
d17b6520-5071-7048-0b67-edd7ac9f9e44,a3,2,Linear / diretivo,3,1,3.0,1,1.0,0.0
d1db45a0-f051-702b-f627-c33637d4528c,a7,2,Linear / diretivo,16,5,3.2,5,1.0,0.3288089095769475
e14bd5c0-2091-70a1-3e0d-252a10bc1372,a1,2,Linear / diretivo,3,1,3.0,1,1.0,0.0
e17b7530-3021-70d1-5891-3515d4c26ec6,a6,2,Linear / diretivo,5,2,2.5,2,1.0,0.0
f11bd590-d0f1-70a8-f80a-d8522e3d0cd6,a7,2,Linear / diretivo,3,1,3.0,1,1.0,0.0
f18bb5b0-d001-702f-a16a-a004877fccad,a3,2,Linear / diretivo,5,2,2.5,1,1.0,0.0
f1cbc5b0-a0b1-7062-ca17-580f39de4c83,a3,2,Linear / diretivo,6,2,3.0,1,1.0,0.0
011bb520-7041-704f-b3e7-ab5c43dd3950,a4,3,Estrategia mista,14,1,14.0,4,2.25,0.8568333734745662
011bb520-7041-704f-b3e7-ab5c43dd3950,a5,3,Estrategia mista,11,2,5.5,3,1.6666666666666667,0.4863826390090816
011bd560-70e1-7036-62a9-3d29afd5179d,a4,3,Estrategia mista,18,1,18.0,5,2.0,0.5735267781942424
012b8580-9011-70e5-0aa0-480c3bb39caa,a7,3,Estrategia mista,9,1,9.0,2,1.5,0.29583638929116374
017bc500-50b1-70d6-f73f-a218553355df,a3,3,Estrategia mista,19,3,6.333333333333333,4,1.5,0.36307669294752826
017bc500-50b1-70d6-f73f-a218553355df,a5,3,Estrategia mista,5,1,5.0,3,1.3333333333333333,0.792481250360578
019be580-4061-7075-debb-ffd77dc8ca40,a7,3,Estrategia mista,19,3,6.333333333333333,9,1.4444444444444444,0.2851295140691779
01eb0530-d011-70d4-70a6-3d8b36a0733f,a4,3,Estrategia mista,28,2,14.0,4,2.5,1.0037016960573482
01eb0530-d011-70d4-70a6-3d8b36a0733f,a5,3,Estrategia mista,27,1,27.0,6,2.6666666666666665,1.0703283926678424
01eb9580-3071-70a9-01aa-f63e5dd14609,a2,3,Estrategia mista,9,1,9.0,3,1.3333333333333333,0.21667414054945136
01eb9580-3071-70a9-01aa-f63e5dd14609,a6,3,Estrategia mista,21,2,10.5,5,2.0,0.6006516669551292
01eb9580-3071-70a9-01aa-f63e5dd14609,a7,3,Estrategia mista,15,2,7.5,2,1.5,0.20690842515181687
01ebb520-b0d1-709a-ca45-bb5b571f108f,a5,3,Estrategia mista,51,3,17.0,5,2.6,0.8244177053673603
01ebf5c0-7001-7089-68b3-ebba941641c4,a5,3,Estrategia mista,35,1,35.0,5,1.6,0.30733081057285533
113ba590-f051-7017-0685-470ebc1c654d,a6,3,Estrategia mista,6,2,3.0,3,1.3333333333333333,0.3333333333333333
113be530-c071-70a1-1d40-1b6e6088e134,a3,3,Estrategia mista,5,1,5.0,4,1.0,0.3333333333333333
115ba5a0-f021-7098-63b7-6750e7705b72,a3,3,Estrategia mista,5,1,5.0,3,1.3333333333333333,0.792481250360578
115ba5a0-f021-7098-63b7-6750e7705b72,a5,3,Estrategia mista,14,1,14.0,6,1.8333333333333333,0.6672097224626077
115ba5a0-f021-7098-63b7-6750e7705b72,a6,3,Estrategia mista,36,3,12.0,6,2.1666666666666665,1.073296738967078
116b0520-f0b1-70d5-0575-61162dd862fd,a1,3,Estrategia mista,26,1,26.0,7,2.142857142857143,0.8818644381503823
117bf560-5011-70e9-de01-b833f5651c83,a2,3,Estrategia mista,61,4,15.25,8,2.625,0.9333598526395162
117bf560-5011-70e9-de01-b833f5651c83,a6,3,Estrategia mista,51,7,7.285714285714286,7,2.2857142857142856,0.767138422519049
11cb0520-80d1-70f1-831e-2d3d54b32de3,a4,3,Estrategia mista,23,2,11.5,7,1.8571428571428572,0.5453049637719952
11cb0520-80d1-70f1-831e-2d3d54b32de3,a6,3,Estrategia mista,17,2,8.5,7,1.7142857142857142,0.6909416668727113
11cb7520-40f1-70ca-46b8-915a77bae7de,a7,3,Estrategia mista,3,1,3.0,2,1.0,1.0
210bd5c0-70d1-7070-b076-8b8ae197fb56,a3,3,Estrategia mista,28,6,4.666666666666667,6,1.8333333333333333,0.5017422316308519
210bd5c0-70d1-7070-b076-8b8ae197fb56,a5,3,Estrategia mista,14,5,2.8,5,1.6,0.5169925001442313
211b0520-f0e1-7015-0094-4310c79ba2e6,a1,3,Estrategia mista,3,1,3.0,3,0.6666666666666666,0.0
216bd550-9081-7098-93e3-10b74373ebe6,a1,3,Estrategia mista,4,1,4.0,2,1.0,0.9182958340544896
218ba540-4081-70eb-5d75-b3fa54f82268,a6,3,Estrategia mista,6,1,6.0,3,1.6666666666666667,0.6666666666666666
219b2590-e041-704c-6a88-f3a3366c6cc5,a4,3,Estrategia mista,71,3,23.666666666666668,9,2.6666666666666665,0.8156846020246759
219b2590-e041-704c-6a88-f3a3366c6cc5,a6,3,Estrategia mista,34,4,8.5,7,2.142857142857143,0.7310054261364269
21fb2560-d0c1-70cc-8456-cb80cc078b11,a5,3,Estrategia mista,26,1,26.0,3,2.0,0.7671319417479413
21fb65c0-a0d1-7058-ae17-4b20090157aa,a2,3,Estrategia mista,15,1,15.0,5,2.2,0.8854666987796529
21fb65c0-a0d1-7058-ae17-4b20090157aa,a3,3,Estrategia mista,7,1,7.0,2,1.5,0.36096404744368116
21fb65c0-a0d1-7058-ae17-4b20090157aa,a6,3,Estrategia mista,7,2,3.5,3,1.3333333333333333,0.3333333333333333
21fb65c0-a0d1-7058-ae17-4b20090157aa,a7,3,Estrategia mista,15,1,15.0,4,1.75,0.31940335920477886
310bd5d0-6061-7098-d41e-41b982248427,a5,3,Estrategia mista,37,6,6.166666666666667,7,2.2857142857142856,1.1778554103115089
310bd5d0-6061-7098-d41e-41b982248427,a6,3,Estrategia mista,10,2,5.0,3,1.6666666666666667,1.220111964470926
311bb5b0-8031-704a-d26b-1a35da2044f9,a4,3,Estrategia mista,19,2,9.5,5,1.8,0.6747419908938441
312b7500-f041-709a-6408-6f3b6222555b,a3,3,Estrategia mista,10,3,3.3333333333333335,3,1.0,0.0
313b35f0-a0f1-70ff-7490-f9e5e8fea858,a5,3,Estrategia mista,11,1,11.0,4,2.0,0.8545739585136224
313b35f0-a0f1-70ff-7490-f9e5e8fea858,a6,3,Estrategia mista,5,1,5.0,2,1.5,0.4591479170272448
313b35f0-a0f1-70ff-7490-f9e5e8fea858,a7,3,Estrategia mista,8,1,8.0,3,1.6666666666666667,1.2091479170272448
313b9520-e021-70f9-4924-88d88686726c,a2,3,Estrategia mista,7,1,7.0,3,1.3333333333333333,0.2704260414863776
313b9520-e021-70f9-4924-88d88686726c,a5,3,Estrategia mista,20,1,20.0,5,1.8,0.7844582093538576
315b9550-4081-7033-4f93-fe2be67cdfcc,a5,3,Estrategia mista,5,1,5.0,3,1.3333333333333333,0.3333333333333333
31ab1560-b091-7055-7307-da7f622a0e6b,a3,3,Estrategia mista,15,1,15.0,3,1.6666666666666667,0.4318206147461073
31db5580-10e1-70d5-9f5c-004b166ac03c,a5,3,Estrategia mista,21,2,10.5,4,1.25,0.21340214445349004
410b95f0-5061-701c-4a3c-9930963ae77f,a7,3,Estrategia mista,7,1,7.0,4,1.25,0.2295739585136224
410bf580-d041-70ad-e668-e60717bb3b98,a2,3,Estrategia mista,6,1,6.0,3,1.3333333333333333,0.3060986113514965
410bf580-d041-70ad-e668-e60717bb3b98,a5,3,Estrategia mista,3,1,3.0,2,1.0,0.0
410bf580-d041-70ad-e668-e60717bb3b98,a6,3,Estrategia mista,3,1,3.0,2,1.0,1.0
415b45e0-c021-70ec-1015-5db26e8e37a8,a6,3,Estrategia mista,3,1,3.0,3,0.6666666666666666,0.0
415b55a0-10a1-704e-fbb1-94f533c8040b,a3,3,Estrategia mista,7,1,7.0,3,1.0,0.36096404744368116
415b55a0-10a1-704e-fbb1-94f533c8040b,a6,3,Estrategia mista,3,1,3.0,3,0.6666666666666666,0.0
41fb4560-10f1-7016-b8cc-cd2bc89239b7,a1,3,Estrategia mista,15,1,15.0,3,2.0,0.7903168648182229
510b5580-60e1-7095-f35a-7fd78cd92cfe,a2,3,Estrategia mista,13,2,6.5,4,1.5,0.3246987351738496
510b5580-60e1-7095-f35a-7fd78cd92cfe,a3,3,Estrategia mista,13,1,13.0,5,2.0,0.6503258334775646
510b5580-60e1-7095-f35a-7fd78cd92cfe,a5,3,Estrategia mista,14,2,7.0,4,1.5,0.2466066821827106
510b5580-60e1-7095-f35a-7fd78cd92cfe,a6,3,Estrategia mista,10,2,5.0,5,1.4,0.3836591668108979
511bf560-b061-7030-1534-373d6182148d,a4,3,Estrategia mista,20,3,6.666666666666667,4,3.0,1.4614073319881884
511bf560-b061-7030-1534-373d6182148d,a5,3,Estrategia mista,14,1,14.0,5,1.8,0.4
511bf560-b061-7030-1534-373d6182148d,a6,3,Estrategia mista,37,8,4.625,8,2.0,0.6482615286553016
516b7570-00e1-700e-b368-e544714cb230,a7,3,Estrategia mista,8,2,4.0,5,1.2,0.396240625180289
51abb5c0-8061-70ad-a2f4-55de1f7ca8e9,a4,3,Estrategia mista,17,1,17.0,4,2.0,0.7891949123617599
51abb5c0-8061-70ad-a2f4-55de1f7ca8e9,a7,3,Estrategia mista,12,1,12.0,4,1.5,0.26531953111478324
611bf540-9091-708a-926e-51ff59cf9473,a2,3,Estrategia mista,20,1,20.0,6,1.8333333333333333,0.5259855158626374
611bf540-9091-708a-926e-51ff59cf9473,a4,3,Estrategia mista,34,2,17.0,5,1.6,0.5363089448677653
611bf540-9091-708a-926e-51ff59cf9473,a7,3,Estrategia mista,39,7,5.571428571428571,9,1.6666666666666667,0.33091762077373044
617b2500-4071-70e9-29f1-b4c4ce63bfaa,a4,3,Estrategia mista,20,2,10.0,6,2.1666666666666665,0.778654682481227
617b2500-4071-70e9-29f1-b4c4ce63bfaa,a6,3,Estrategia mista,9,2,4.5,3,1.6666666666666667,0.6666666666666666
619bf560-4021-7015-9155-f148328587b8,a3,3,Estrategia mista,5,1,5.0,3,1.3333333333333333,1.0
619bf560-4021-7015-9155-f148328587b8,a7,3,Estrategia mista,6,1,6.0,2,1.5,0.4056390622295664
61abe5e0-d021-7066-78e5-8732da2c09a0,a2,3,Estrategia mista,16,3,5.333333333333333,5,1.2,0.23048202372184057
61bbc5f0-2041-7061-260b-a4d10ca29e45,a2,3,Estrategia mista,5,1,5.0,3,1.3333333333333333,1.0
61bbc5f0-2041-7061-260b-a4d10ca29e45,a3,3,Estrategia mista,5,1,5.0,2,1.5,0.5
61bbc5f0-2041-7061-260b-a4d10ca29e45,a5,3,Estrategia mista,5,1,5.0,3,1.0,0.5
61bbc5f0-2041-7061-260b-a4d10ca29e45,a7,3,Estrategia mista,13,2,6.5,5,1.6,0.4880447857883704
714b9540-8061-70d8-daaa-8a4b42d4dd71,a4,3,Estrategia mista,19,2,9.5,5,2.2,0.7770426041486378
714b9540-8061-70d8-daaa-8a4b42d4dd71,a5,3,Estrategia mista,15,1,15.0,4,2.25,0.911967448142028
71ab5570-8001-709a-1343-b36f475fb202,a5,3,Estrategia mista,10,1,10.0,3,2.0,0.7630821428363861
71cb5540-20c1-70a9-1806-fbc6af5f0b86,a5,3,Estrategia mista,11,1,11.0,5,1.6,0.5320213197228486
71cbe580-90f1-7027-51c8-f471e501854b,a1,3,Estrategia mista,4,1,4.0,2,1.0,0.0
71fb0550-10e1-7086-a384-f22bf12dee89,a4,3,Estrategia mista,6,1,6.0,2,1.5,0.4056390622295664
71fb0550-10e1-7086-a384-f22bf12dee89,a7,3,Estrategia mista,8,1,8.0,5,1.2,0.4795739585136224
811bc590-9011-705e-82d7-38a6c705a6c4,a6,3,Estrategia mista,4,1,4.0,2,1.0,0.9182958340544896
813b75b0-90b1-7068-9549-77eb9a62ffdc,a2,3,Estrategia mista,10,3,3.3333333333333335,3,1.6666666666666667,0.45698353148488957
813b75b0-90b1-7068-9549-77eb9a62ffdc,a5,3,Estrategia mista,12,4,3.0,3,1.3333333333333333,0.3333333333333333
817b9500-8071-700f-6d35-00db749ffca6,a2,3,Estrategia mista,22,1,22.0,5,1.8,0.5303245447951112
819b2520-80d1-7040-a2e8-a74594524790,a5,3,Estrategia mista,15,4,3.75,4,1.75,0.5629072918469558
819b2520-80d1-7040-a2e8-a74594524790,a6,3,Estrategia mista,10,2,5.0,3,1.6666666666666667,0.4172097224626076
81bb0570-e0e1-70e9-3e09-b26d835387b4,a1,3,Estrategia mista,3,1,3.0,2,1.0,0.0
81bb0570-e0e1-70e9-3e09-b26d835387b4,a2,3,Estrategia mista,37,5,7.4,9,2.0,0.644292138630032
81bb0570-e0e1-70e9-3e09-b26d835387b4,a3,3,Estrategia mista,38,3,12.666666666666666,6,2.1666666666666665,0.6129490451839611
81bb0570-e0e1-70e9-3e09-b26d835387b4,a6,3,Estrategia mista,27,2,13.5,5,2.4,1.0505878806619668
81cbb5e0-9011-7077-7e4e-7aca1564666c,a6,3,Estrategia mista,115,8,14.375,10,2.5,0.6917297299275833
81cbb5e0-9011-7077-7e4e-7aca1564666c,a7,3,Estrategia mista,14,4,3.5,3,1.0,0.0
81eb45d0-00d1-7089-fd06-0ffbbe5e2c7a,a2,3,Estrategia mista,17,3,5.666666666666667,8,1.375,0.4060529990253012
81eb45d0-00d1-7089-fd06-0ffbbe5e2c7a,a3,3,Estrategia mista,13,2,6.5,5,1.6,0.5111826190351649
81eb45d0-00d1-7089-fd06-0ffbbe5e2c7a,a5,3,Estrategia mista,16,2,8.0,3,1.6666666666666667,0.34695069432425174
81fbd560-90f1-70a6-16ea-d6a5ac61b239,a2,3,Estrategia mista,7,1,7.0,2,1.5,0.36096404744368116
81fbd560-90f1-70a6-16ea-d6a5ac61b239,a4,3,Estrategia mista,8,1,8.0,3,1.3333333333333333,0.24064269829578744
81fbd560-90f1-70a6-16ea-d6a5ac61b239,a5,3,Estrategia mista,45,4,11.25,4,1.75,0.4013566604922659
81fbe5c0-8001-7054-3ac3-3e9db3f6e198,a4,3,Estrategia mista,58,1,58.0,8,2.5,0.7009545479293124
81fbe5c0-8001-7054-3ac3-3e9db3f6e198,a5,3,Estrategia mista,125,2,62.5,9,2.6666666666666665,0.7855516297682339
911b1530-f081-70c6-8ba9-81ba9defa173,a7,3,Estrategia mista,12,2,6.0,3,1.3333333333333333,0.1811881477331988
912bd5e0-5061-7098-cb02-8d6eae25468c,a2,3,Estrategia mista,4,1,4.0,3,1.0,0.5
915b1540-40a1-709f-69ee-13ca3e80fcf2,a1,3,Estrategia mista,12,1,12.0,6,1.8333333333333333,0.6949875002403854
917bc500-1061-70c3-4dd4-f053938b1826,a1,3,Estrategia mista,8,1,8.0,4,1.5,0.4795739585136224
919b25a0-0071-7022-b6bb-2716eefd7953,a1,3,Estrategia mista,41,2,20.5,10,2.1,0.5990191299091517
919be590-7081-7003-3cef-906e621826ff,a2,3,Estrategia mista,18,1,18.0,8,1.625,0.4435993675869248
91ab25a0-f051-70ce-9d29-ac0649a68c53,a1,3,Estrategia mista,3,1,3.0,2,1.0,1.0
91ab25a0-f051-70ce-9d29-ac0649a68c53,a4,3,Estrategia mista,22,2,11.0,6,2.0,0.6465433135830284
91ab25a0-f051-70ce-9d29-ac0649a68c53,a7,3,Estrategia mista,3,1,3.0,2,1.0,1.0
91ab45a0-6011-7078-f1e9-b3a94075f7b7,a3,3,Estrategia mista,24,1,24.0,4,2.0,0.5599756981107091
91bbd550-f0a1-7047-142d-6aeab04713b1,a5,3,Estrategia mista,10,1,10.0,2,1.5,0.5
91bbe500-b011-7005-c471-0da2f8815108,a7,3,Estrategia mista,19,2,9.5,3,1.6666666666666667,0.2332809466287462
91cb75e0-00e1-70ae-d581-d5924359d3b1,a2,3,Estrategia mista,20,1,20.0,6,1.6666666666666667,0.38943194468482983
91cb75e0-00e1-70ae-d581-d5924359d3b1,a4,3,Estrategia mista,13,1,13.0,5,1.4,0.5742698318851662
91cb75e0-00e1-70ae-d581-d5924359d3b1,a6,3,Estrategia mista,6,1,6.0,3,1.3333333333333333,0.9591479170272448
91fb2530-b051-70f2-9bbb-1733c381bfbc,a6,3,Estrategia mista,5,1,5.0,4,1.0,0.0
91fb2530-b051-70f2-9bbb-1733c381bfbc,a7,3,Estrategia mista,15,1,15.0,5,1.8,0.55
a13b5500-0021-7047-dba8-89607721af5d,a2,3,Estrategia mista,18,2,9.0,6,1.6666666666666667,0.4587858798299507
a13b5500-0021-7047-dba8-89607721af5d,a6,3,Estrategia mista,6,1,6.0,4,1.25,0.25
a15bd5a0-20b1-705d-cacd-efb43606a358,a1,3,Estrategia mista,9,1,9.0,2,1.5,0.4591479170272448
a19b0540-7071-7042-dcd4-e8b1bed38ef4,a4,3,Estrategia mista,21,1,21.0,7,2.0,0.7691082059166506
a1bbb550-8001-709c-3ebb-799cd4aa893f,a2,3,Estrategia mista,13,4,3.25,4,1.5,0.6394319446848299
a1bbb550-8001-709c-3ebb-799cd4aa893f,a5,3,Estrategia mista,5,1,5.0,2,2.0,1.0
a1eb05a0-7031-707b-b065-0f30c86f0a6e,a2,3,Estrategia mista,10,3,3.3333333333333335,2,1.0,0.0
a1eb05a0-7031-707b-b065-0f30c86f0a6e,a3,3,Estrategia mista,16,1,16.0,6,1.6666666666666667,0.5541901188909337
a1eb05a0-7031-707b-b065-0f30c86f0a6e,a6,3,Estrategia mista,48,2,24.0,6,3.1666666666666665,1.1430636635021028
a1eba540-c0b1-7047-0613-98a1815ad2ae,a6,3,Estrategia mista,13,3,4.333333333333333,2,1.5,0.2717822215997982
a1fb3570-f021-705f-6d23-353ec8617ab4,a5,3,Estrategia mista,21,1,21.0,3,1.6666666666666667,0.2676905757747008
a1fb3570-f021-705f-6d23-353ec8617ab4,a6,3,Estrategia mista,7,1,7.0,2,1.5,0.36096404744368116
a1fbd5d0-e0e1-7054-7a08-05c01f9a74b1,a1,3,Estrategia mista,13,1,13.0,6,1.8333333333333333,0.680827083453526
b10b7510-d0b1-702f-66b3-3c1a07997d6d,a6,3,Estrategia mista,5,1,5.0,3,1.3333333333333333,0.3333333333333333
b13be530-5051-70d1-0e6c-be1458ec7929,a4,3,Estrategia mista,22,2,11.0,4,2.25,1.0291199454915723
b13be530-5051-70d1-0e6c-be1458ec7929,a6,3,Estrategia mista,47,5,9.4,6,2.1666666666666665,0.7327181556617575
b14ba500-e041-701b-eba7-204e26a8a5b7,a4,3,Estrategia mista,14,2,7.0,3,1.3333333333333333,0.24064269829578744
b14ba500-e041-701b-eba7-204e26a8a5b7,a5,3,Estrategia mista,13,1,13.0,4,1.5,0.4522598831490132
b14bd5f0-0011-704d-7e86-b55f1b5f014a,a4,3,Estrategia mista,9,1,9.0,3,1.6666666666666667,0.4172097224626076
b17b05e0-3031-7053-8f2e-c462e449a396,a2,3,Estrategia mista,4,1,4.0,3,1.0,0.5
b19b0560-c011-70d1-0a4f-c32cfa1ae4cd,a2,3,Estrategia mista,79,2,39.5,14,2.5,0.8168836490860141
b19ba550-c0d1-706b-5b31-6f30f3eaa255,a4,3,Estrategia mista,23,1,23.0,7,1.5714285714285714,0.31952010599159536
b19ba550-c0d1-706b-5b31-6f30f3eaa255,a5,3,Estrategia mista,14,1,14.0,4,1.75,0.36165416690705204
b1abe580-4091-7066-5da1-2ce6aa6d0e3b,a3,3,Estrategia mista,15,4,3.75,4,1.75,0.5372087135702291
b1bbe550-6071-708d-a4b6-8d280dff01d0,a5,3,Estrategia mista,15,1,15.0,4,1.5,0.6219522058190745
b1bbe550-6071-708d-a4b6-8d280dff01d0,a6,3,Estrategia mista,5,1,5.0,2,1.5,0.4591479170272448
b1cb15d0-c071-70b9-1731-442bca494a97,a5,3,Estrategia mista,8,2,4.0,3,1.3333333333333333,0.3060986113514965
b1cb15d0-c071-70b9-1731-442bca494a97,a6,3,Estrategia mista,9,1,9.0,2,1.5,0.29583638929116374
c11b2520-70e1-70c8-4f5c-e637ca6a861c,a5,3,Estrategia mista,10,1,10.0,5,1.4,0.625
c11b3500-c051-70c9-5385-6797f6c08070,a5,3,Estrategia mista,20,2,10.0,6,2.0,1.012197222702993
c11b3500-c051-70c9-5385-6797f6c08070,a6,3,Estrategia mista,24,5,4.8,8,1.5,0.4025096088689824
c11bd560-50c1-70ac-8129-15966669f4ae,a7,3,Estrategia mista,4,1,4.0,2,1.5,0.5
c14bf560-2021-705a-7bb3-97ad9cbde502,a5,3,Estrategia mista,6,1,6.0,2,1.5,0.4056390622295664
c16b2580-e0d1-70dd-532d-007653cefda9,a7,3,Estrategia mista,11,3,3.6666666666666665,5,1.4,0.48048202372184057
c16be560-e061-709d-a447-5a0779910084,a2,3,Estrategia mista,26,6,4.333333333333333,5,2.6,1.1562072225106848
c16be560-e061-709d-a447-5a0779910084,a4,3,Estrategia mista,69,12,5.75,8,3.125,1.0563640776260428
c17b5520-f0b1-70c8-8bf1-0f5bd26a0cad,a5,3,Estrategia mista,22,3,7.333333333333333,3,1.6666666666666667,0.35099385837675645
c17be530-0011-7066-b860-92d133614a57,a5,3,Estrategia mista,13,1,13.0,3,2.3333333333333335,1.1642928964473436
c18b0590-1021-70b2-a04d-7da82bf20079,a2,3,Estrategia mista,28,3,9.333333333333334,5,2.4,0.8517514882833108
c1ab6550-a0a1-7068-381c-46a9e01d4df5,a5,3,Estrategia mista,6,1,6.0,2,1.5,0.4056390622295664
c1ab6550-a0a1-7068-381c-46a9e01d4df5,a6,3,Estrategia mista,9,2,4.5,2,1.5,0.5
c1ab8590-4021-709d-24e8-65c1ff2dac53,a4,3,Estrategia mista,29,2,14.5,6,2.6666666666666665,1.0179025247628017
c1eb8590-5071-70c5-90a9-bcbf8ca28ccb,a4,3,Estrategia mista,39,1,39.0,6,1.8333333333333333,0.5901459326494968
d14be530-3021-7083-6ee6-f96210849e13,a2,3,Estrategia mista,8,1,8.0,3,1.6666666666666667,0.5
d16ba510-9071-703c-6c73-2f57834ea988,a4,3,Estrategia mista,33,1,33.0,6,2.5,0.8896494081453632
d16ba510-9071-703c-6c73-2f57834ea988,a6,3,Estrategia mista,11,1,11.0,5,1.6,0.48365916681089793
d17b4550-a0d1-7014-38bf-d8d68777c4f4,a6,3,Estrategia mista,14,1,14.0,5,2.2,0.9169925001442312
d17b4550-a0d1-7014-38bf-d8d68777c4f4,a7,3,Estrategia mista,8,1,8.0,4,1.5,0.375
d17b6520-5071-7048-0b67-edd7ac9f9e44,a2,3,Estrategia mista,29,2,14.5,7,1.8571428571428572,0.3931287875708902
d1db45a0-f051-702b-f627-c33637d4528c,a5,3,Estrategia mista,12,3,4.0,4,1.75,0.625
d1fb5550-1001-7057-b8f9-d17759791a6b,a5,3,Estrategia mista,5,1,5.0,4,1.0,0.3333333333333333
e11ba5c0-60e1-7014-3010-a78f186a4362,a7,3,Estrategia mista,5,1,5.0,3,1.0,0.4591479170272448
e12ba500-f0e1-70f2-73ab-05c1cbc44b76,a1,3,Estrategia mista,26,5,5.2,9,1.7777777777777777,0.6002349609262319
e16b9530-e031-70ad-d225-033f2f45a27d,a3,3,Estrategia mista,10,2,5.0,4,1.75,0.48048202372184057
e16b9530-e031-70ad-d225-033f2f45a27d,a4,3,Estrategia mista,35,3,11.666666666666666,5,3.0,1.1194897234584977
e17b7530-3021-70d1-5891-3515d4c26ec6,a2,3,Estrategia mista,14,1,14.0,5,1.4,0.19728534574616846
e18b45c0-20a1-7039-271f-10630ddc7b88,a2,3,Estrategia mista,9,1,9.0,3,1.6666666666666667,0.4172097224626076
e18b45c0-20a1-7039-271f-10630ddc7b88,a5,3,Estrategia mista,6,2,3.0,3,1.3333333333333333,1.0
e19bc5d0-4021-7079-8270-a5b48b2ed74f,a2,3,Estrategia mista,12,3,4.0,4,2.0,0.875
e1cb8510-60e1-709a-53ce-18a04547e565,a4,3,Estrategia mista,7,1,7.0,3,1.6666666666666667,0.6394319446848299
e1cb8510-60e1-709a-53ce-18a04547e565,a6,3,Estrategia mista,6,1,6.0,4,1.25,0.5283208335737187
e1cb9560-4091-706e-840f-87a913394f9e,a3,3,Estrategia mista,30,5,6.0,5,2.2,0.7099094105071194
e1ebc590-7061-70e7-0b53-19e34682613b,a3,3,Estrategia mista,9,2,4.5,5,1.4,0.646240625180289
f11bc560-6081-70ae-2949-07ca788f237b,a6,3,Estrategia mista,11,1,11.0,5,1.4,0.5629072918469558
f11bd590-d0f1-70a8-f80a-d8522e3d0cd6,a6,3,Estrategia mista,13,1,13.0,4,1.5,0.34469587337154384
f14b7530-60e1-704a-f8d5-4855523e6d94,a4,3,Estrategia mista,23,2,11.5,3,2.6666666666666665,1.2128026256178837
f14b7530-60e1-704a-f8d5-4855523e6d94,a5,3,Estrategia mista,20,1,20.0,4,2.5,1.0732196723355076
f14b7530-60e1-704a-f8d5-4855523e6d94,a6,3,Estrategia mista,11,1,11.0,3,2.0,0.792481250360578
f14be5c0-d081-70bb-548b-5d9ea05cc289,a2,3,Estrategia mista,6,1,6.0,2,1.5,0.4056390622295664
f14be5c0-d081-70bb-548b-5d9ea05cc289,a3,3,Estrategia mista,6,2,3.0,3,1.3333333333333333,0.3333333333333333
f15b75b0-6011-7034-bf08-1dd66fe5cffa,a5,3,Estrategia mista,5,1,5.0,3,1.3333333333333333,1.0
f16b2520-6021-70ee-b980-7a50d804795d,a2,3,Estrategia mista,67,3,22.333333333333332,7,3.0,1.1962501731128634
f1abb5c0-3001-7042-a4b5-d6561c36322c,a3,3,Estrategia mista,19,1,19.0,6,1.5,0.3561344259041774
f1abb5c0-3001-7042-a4b5-d6561c36322c,a7,3,Estrategia mista,12,2,6.0,4,1.75,0.6887218755408672
011bb520-7041-704f-b3e7-ab5c43dd3950,a6,4,Exploratorio / investigativo B,16,2,8.0,7,1.5714285714285714,0.5487468750600963
011bb520-7041-704f-b3e7-ab5c43dd3950,a7,4,Exploratorio / investigativo B,44,6,7.333333333333333,6,3.0,1.5303151050625992
011bd560-70e1-7036-62a9-3d29afd5179d,a2,4,Exploratorio / investigativo B,23,2,11.5,8,2.125,0.7610276044371003
011bd560-70e1-7036-62a9-3d29afd5179d,a5,4,Exploratorio / investigativo B,7,1,7.0,3,1.6666666666666667,0.6394319446848299
016b15c0-a071-70a4-d6d6-0aae841b512a,a3,4,Exploratorio / investigativo B,5,2,2.5,3,0.6666666666666666,0.0
016b15c0-a071-70a4-d6d6-0aae841b512a,a7,4,Exploratorio / investigativo B,9,4,2.25,5,0.8,0.3060986113514965
016b65a0-90b1-703c-a8e3-caf440f1860a,a3,4,Exploratorio / investigativo B,3,1,3.0,3,0.6666666666666666,0.0
017bc500-50b1-70d6-f73f-a218553355df,a6,4,Exploratorio / investigativo B,28,2,14.0,6,2.5,0.9555965742183917
019be580-4061-7075-debb-ffd77dc8ca40,a4,4,Exploratorio / investigativo B,27,7,3.857142857142857,6,2.3333333333333335,1.2267514882833108
019be580-4061-7075-debb-ffd77dc8ca40,a6,4,Exploratorio / investigativo B,9,3,3.0,4,1.25,0.2295739585136224
01eb0530-d011-70d4-70a6-3d8b36a0733f,a3,4,Exploratorio / investigativo B,39,5,7.8,7,2.0,0.6500232188515106
01eb0530-d011-70d4-70a6-3d8b36a0733f,a7,4,Exploratorio / investigativo B,38,1,38.0,6,1.8333333333333333,0.45066450173512457
01eb9580-3071-70a9-01aa-f63e5dd14609,a3,4,Exploratorio / investigativo B,29,3,9.666666666666666,5,2.2,0.7554426721911597
01eb9580-3071-70a9-01aa-f63e5dd14609,a4,4,Exploratorio / investigativo B,54,6,9.0,8,2.375,0.8502020379057578
01eb9580-3071-70a9-01aa-f63e5dd14609,a5,4,Exploratorio / investigativo B,43,4,10.75,7,1.8571428571428572,0.8154992262253268
01ebb520-b0d1-709a-ca45-bb5b571f108f,a4,4,Exploratorio / investigativo B,9,1,9.0,5,1.6,0.5169925001442313
01ebf5c0-7001-7089-68b3-ebba941641c4,a2,4,Exploratorio / investigativo B,16,1,16.0,6,1.8333333333333333,0.6451584324091114
112b5570-40c1-70f5-ada6-8cd2d2eb5007,a1,4,Exploratorio / investigativo B,35,2,17.5,6,2.0,0.6126775172859906
112b5570-40c1-70f5-ada6-8cd2d2eb5007,a3,4,Exploratorio / investigativo B,27,1,27.0,7,2.857142857142857,1.1589886665179587
112b5570-40c1-70f5-ada6-8cd2d2eb5007,a4,4,Exploratorio / investigativo B,16,3,5.333333333333333,6,1.6666666666666667,0.5765246528378741
113ba590-f051-7017-0685-470ebc1c654d,a1,4,Exploratorio / investigativo B,13,1,13.0,4,2.25,0.9591479170272448
113ba590-f051-7017-0685-470ebc1c654d,a4,4,Exploratorio / investigativo B,4,1,4.0,2,1.0,0.9182958340544896
113ba590-f051-7017-0685-470ebc1c654d,a7,4,Exploratorio / investigativo B,59,6,9.833333333333334,5,3.4,1.3919637393569047
117bf560-5011-70e9-de01-b833f5651c83,a1,4,Exploratorio / investigativo B,39,2,19.5,7,2.142857142857143,0.5878498166179956
117bf560-5011-70e9-de01-b833f5651c83,a3,4,Exploratorio / investigativo B,45,2,22.5,5,3.8,1.6569743616381352
117bf560-5011-70e9-de01-b833f5651c83,a4,4,Exploratorio / investigativo B,51,2,25.5,7,2.5714285714285716,0.9651824056673907
117bf560-5011-70e9-de01-b833f5651c83,a5,4,Exploratorio / investigativo B,55,3,18.333333333333332,7,2.4285714285714284,0.9872176742838334
117bf560-5011-70e9-de01-b833f5651c83,a7,4,Exploratorio / investigativo B,82,7,11.714285714285714,10,2.6,0.6836608800136714
11cb0520-80d1-70f1-831e-2d3d54b32de3,a1,4,Exploratorio / investigativo B,70,2,35.0,10,2.9,1.0087406251802888
11dbd5f0-80a1-7076-d1aa-848948d336e3,a2,4,Exploratorio / investigativo B,7,2,3.5,5,0.8,0.3060986113514965
210bd5c0-70d1-7070-b076-8b8ae197fb56,a4,4,Exploratorio / investigativo B,9,3,3.0,4,1.25,0.2295739585136224
211b0520-f0e1-7015-0094-4310c79ba2e6,a7,4,Exploratorio / investigativo B,41,6,6.833333333333333,5,2.4,1.1128253780560469
218b1530-20e1-701a-ba31-9c86c7da05bc,a2,4,Exploratorio / investigativo B,15,1,15.0,5,1.8,0.9723116071272895
218b1530-20e1-701a-ba31-9c86c7da05bc,a3,4,Exploratorio / investigativo B,38,2,19.0,8,2.375,0.9175620343187825
218ba540-4081-70eb-5d75-b3fa54f82268,a1,4,Exploratorio / investigativo B,20,2,10.0,5,2.0,0.9866541669070521
218ba540-4081-70eb-5d75-b3fa54f82268,a4,4,Exploratorio / investigativo B,33,1,33.0,5,2.0,0.4287063227051101
218ba540-4081-70eb-5d75-b3fa54f82268,a5,4,Exploratorio / investigativo B,31,1,31.0,5,1.8,0.37293725498909797
218be570-f0f1-7033-b8df-1466adc57225,a1,4,Exploratorio / investigativo B,14,1,14.0,7,1.5714285714285714,0.42227329931083213
218be570-f0f1-7033-b8df-1466adc57225,a5,4,Exploratorio / investigativo B,3,1,3.0,2,1.0,0.0
219b2590-e041-704c-6a88-f3a3366c6cc5,a5,4,Exploratorio / investigativo B,57,2,28.5,10,2.2,0.602101465263754
310bd5d0-6061-7098-d41e-41b982248427,a3,4,Exploratorio / investigativo B,36,3,12.0,8,3.0,1.2032619167872585
313b35f0-a0f1-70ff-7490-f9e5e8fea858,a3,4,Exploratorio / investigativo B,16,2,8.0,6,2.1666666666666665,0.9166666666666666
313b35f0-a0f1-70ff-7490-f9e5e8fea858,a4,4,Exploratorio / investigativo B,7,1,7.0,4,1.5,0.5
313b9520-e021-70f9-4924-88d88686726c,a6,4,Exploratorio / investigativo B,9,1,9.0,4,1.75,0.5
31cb6500-d081-7067-9d22-37992452f2ad,a2,4,Exploratorio / investigativo B,29,1,29.0,7,2.142857142857143,0.6727673568755245
31cb6500-d081-7067-9d22-37992452f2ad,a3,4,Exploratorio / investigativo B,19,2,9.5,5,1.8,0.4415037499278844
31db5580-10e1-70d5-9f5c-004b166ac03c,a3,4,Exploratorio / investigativo B,12,3,4.0,5,1.8,0.7169925001442312
31eb05d0-70d1-7020-6a3e-bc223a1d6165,a1,4,Exploratorio / investigativo B,5,1,5.0,2,1.5,0.4591479170272448
410b95f0-5061-701c-4a3c-9930963ae77f,a2,4,Exploratorio / investigativo B,26,1,26.0,8,1.625,0.47584232686783673
410b95f0-5061-701c-4a3c-9930963ae77f,a3,4,Exploratorio / investigativo B,18,1,18.0,5,2.6,1.1843108337660273
410b95f0-5061-701c-4a3c-9930963ae77f,a4,4,Exploratorio / investigativo B,21,1,21.0,6,2.3333333333333335,0.8838340178003282
410b95f0-5061-701c-4a3c-9930963ae77f,a6,4,Exploratorio / investigativo B,4,1,4.0,2,1.5,0.5
410bf580-d041-70ad-e668-e60717bb3b98,a3,4,Exploratorio / investigativo B,22,1,22.0,5,1.8,0.7087148516699665
411bd580-f051-7091-c64b-39f944fda7b6,a3,4,Exploratorio / investigativo B,4,1,4.0,2,1.5,0.5
411be510-8031-7076-69a0-27626d9dd276,a3,4,Exploratorio / investigativo B,28,3,9.333333333333334,6,2.0,0.5422390643647975
415b55a0-10a1-704e-fbb1-94f533c8040b,a1,4,Exploratorio / investigativo B,3,1,3.0,1,1.0,0.0
415b55a0-10a1-704e-fbb1-94f533c8040b,a4,4,Exploratorio / investigativo B,7,1,7.0,3,1.3333333333333333,0.3060986113514965
415b55a0-10a1-704e-fbb1-94f533c8040b,a7,4,Exploratorio / investigativo B,29,2,14.5,4,2.75,1.2054432885563329
41cb85f0-d081-708c-e151-e2b062eb0f1d,a3,4,Exploratorio / investigativo B,20,4,5.0,7,1.7142857142857142,0.6073755953411176
41eb6500-1081-7006-138f-298c1f0f89f5,a6,4,Exploratorio / investigativo B,14,2,7.0,5,1.8,0.7820213197228486
41fb4560-10f1-7016-b8cc-cd2bc89239b7,a4,4,Exploratorio / investigativo B,28,1,28.0,7,2.5714285714285716,0.9333742011104341
41fb4560-10f1-7016-b8cc-cd2bc89239b7,a7,4,Exploratorio / investigativo B,8,2,4.0,4,1.5,0.5
510b5580-60e1-7095-f35a-7fd78cd92cfe,a4,4,Exploratorio / investigativo B,5,2,2.5,3,1.0,0.5
514b6590-9031-70f3-bdf0-6fb6ff753346,a3,4,Exploratorio / investigativo B,30,5,6.0,6,2.0,0.5659217000765427
514b6590-9031-70f3-bdf0-6fb6ff753346,a7,4,Exploratorio / investigativo B,13,1,13.0,3,1.3333333333333333,0.15633186452976042
516b7570-00e1-700e-b368-e544714cb230,a2,4,Exploratorio / investigativo B,32,1,32.0,7,2.7142857142857144,1.3894669610973978
516b7570-00e1-700e-b368-e544714cb230,a4,4,Exploratorio / investigativo B,16,4,4.0,7,1.5714285714285714,0.680827083453526
516b7570-00e1-700e-b368-e544714cb230,a5,4,Exploratorio / investigativo B,24,2,12.0,6,2.5,1.0397686030595663
51abb5c0-8061-70ad-a2f4-55de1f7ca8e9,a2,4,Exploratorio / investigativo B,10,1,10.0,5,1.8,0.7169925001442312
51abb5c0-8061-70ad-a2f4-55de1f7ca8e9,a3,4,Exploratorio / investigativo B,18,2,9.0,6,2.1666666666666665,0.9784917657424449
51ebb5a0-6021-7085-ff7f-676d2ac635a3,a3,4,Exploratorio / investigativo B,3,1,3.0,3,0.6666666666666666,0.0
51ebb5a0-6021-7085-ff7f-676d2ac635a3,a4,4,Exploratorio / investigativo B,4,1,4.0,3,1.0,0.0
611bf540-9091-708a-926e-51ff59cf9473,a5,4,Exploratorio / investigativo B,57,5,11.4,6,2.3333333333333335,0.759371141259113
613b1510-4051-7027-1ee2-8f2c72d3c64b,a6,4,Exploratorio / investigativo B,24,3,8.0,6,2.1666666666666665,0.8022968652028396
613b1510-4051-7027-1ee2-8f2c72d3c64b,a7,4,Exploratorio / investigativo B,18,1,18.0,5,2.0,0.8088220835496802
618b3510-8031-705d-7448-12d2783e3064,a6,4,Exploratorio / investigativo B,3,1,3.0,1,1.0,0.0
61bbc5f0-2041-7061-260b-a4d10ca29e45,a4,4,Exploratorio / investigativo B,10,1,10.0,4,1.5,0.4591479170272448
61eb0590-9001-70e9-9ded-e189346bd845,a4,4,Exploratorio / investigativo B,56,9,6.222222222222222,8,2.5,0.9739444945871727
61eb0590-9001-70e9-9ded-e189346bd845,a5,4,Exploratorio / investigativo B,33,3,11.0,7,2.5714285714285716,1.2566498461194688
710bd530-f031-7016-ebe5-ee614a366f14,a2,4,Exploratorio / investigativo B,9,1,9.0,4,1.75,0.7295739585136224
710bd530-f031-7016-ebe5-ee614a366f14,a3,4,Exploratorio / investigativo B,51,1,51.0,8,3.125,1.3508629073415097
710bd530-f031-7016-ebe5-ee614a366f14,a4,4,Exploratorio / investigativo B,33,1,33.0,8,2.375,0.9179325036162667
714b9540-8061-70d8-daaa-8a4b42d4dd71,a3,4,Exploratorio / investigativo B,15,1,15.0,5,1.8,0.792481250360578
714b9540-8061-70d8-daaa-8a4b42d4dd71,a6,4,Exploratorio / investigativo B,32,3,10.666666666666666,5,2.2,0.9086767120998058
719b2530-2001-7002-244b-0c90ec1dc48d,a3,4,Exploratorio / investigativo B,34,2,17.0,7,2.7142857142857144,1.0733999913446435
71cbe580-90f1-7027-51c8-f471e501854b,a3,4,Exploratorio / investigativo B,7,2,3.5,3,1.0,0.4591479170272448
71fb0550-10e1-7086-a384-f22bf12dee89,a5,4,Exploratorio / investigativo B,10,1,10.0,4,1.5,0.4304820237218406
813b4500-6031-701e-c56f-d60220a6081f,a2,4,Exploratorio / investigativo B,30,8,3.75,5,2.4,1.0101641391219145
813b4500-6031-701e-c56f-d60220a6081f,a4,4,Exploratorio / investigativo B,43,10,4.3,5,2.8,1.3755185468382796
813b4500-6031-701e-c56f-d60220a6081f,a5,4,Exploratorio / investigativo B,72,2,36.0,5,2.6,0.7551246457867464
813b4500-6031-701e-c56f-d60220a6081f,a6,4,Exploratorio / investigativo B,64,11,5.818181818181818,6,2.6666666666666665,0.9606161653348163
817b9500-8071-700f-6d35-00db749ffca6,a4,4,Exploratorio / investigativo B,22,1,22.0,4,2.25,0.6973116071272896
819b2520-80d1-7040-a2e8-a74594524790,a4,4,Exploratorio / investigativo B,15,3,5.0,4,1.5,0.4854752972273343
819b2520-80d1-7040-a2e8-a74594524790,a7,4,Exploratorio / investigativo B,5,1,5.0,3,1.3333333333333333,0.3333333333333333
81bb0570-e0e1-70e9-3e09-b26d835387b4,a5,4,Exploratorio / investigativo B,31,1,31.0,4,1.75,0.30217575202056585
81cbb5e0-9011-7077-7e4e-7aca1564666c,a1,4,Exploratorio / investigativo B,9,2,4.5,6,1.1666666666666667,0.5
81cbb5e0-9011-7077-7e4e-7aca1564666c,a2,4,Exploratorio / investigativo B,22,4,5.5,5,1.6,0.5362776035953957
81fbd560-90f1-70a6-16ea-d6a5ac61b239,a3,4,Exploratorio / investigativo B,33,3,11.0,6,2.6666666666666665,1.0345915062705142
81fbe5c0-8001-7054-3ac3-3e9db3f6e198,a2,4,Exploratorio / investigativo B,49,1,49.0,11,2.6363636363636362,0.9530552151163264
911b1530-f081-70c6-8ba9-81ba9defa173,a1,4,Exploratorio / investigativo B,15,2,7.5,5,1.8,0.591829583405449
911b1530-f081-70c6-8ba9-81ba9defa173,a6,4,Exploratorio / investigativo B,4,1,4.0,3,1.0,0.5
919b25a0-0071-7022-b6bb-2716eefd7953,a5,4,Exploratorio / investigativo B,8,1,8.0,4,1.75,0.75
919b25a0-0071-7022-b6bb-2716eefd7953,a6,4,Exploratorio / investigativo B,12,1,12.0,5,1.6,0.4503258334775646
919be590-7081-7003-3cef-906e621826ff,a3,4,Exploratorio / investigativo B,14,1,14.0,6,1.8333333333333333,0.9680447857883703
919be590-7081-7003-3cef-906e621826ff,a4,4,Exploratorio / investigativo B,17,1,17.0,2,2.0,0.6856161633204378
919be590-7081-7003-3cef-906e621826ff,a6,4,Exploratorio / investigativo B,4,1,4.0,4,0.75,0.0
91ab45a0-6011-7078-f1e9-b3a94075f7b7,a2,4,Exploratorio / investigativo B,3,1,3.0,3,0.6666666666666666,0.0
91ab45a0-6011-7078-f1e9-b3a94075f7b7,a7,4,Exploratorio / investigativo B,38,2,19.0,7,3.0,1.1551228970933287
91cb75e0-00e1-70ae-d581-d5924359d3b1,a7,4,Exploratorio / investigativo B,6,1,6.0,3,1.6666666666666667,0.6666666666666666
91eb4560-80d1-706f-3e42-8631c8034d21,a4,4,Exploratorio / investigativo B,4,1,4.0,3,1.0,0.0
91fb2530-b051-70f2-9bbb-1733c381bfbc,a2,4,Exploratorio / investigativo B,7,1,7.0,5,1.2,0.5
a15b55c0-6081-70cd-a61b-afbdaf0eff13,a1,4,Exploratorio / investigativo B,19,2,9.5,3,1.6666666666666667,0.5658818904488582
a18b2540-90e1-70f8-deb6-fc59ae3297da,a4,4,Exploratorio / investigativo B,9,1,9.0,3,2.0,0.8060986113514965
a18b2540-90e1-70f8-deb6-fc59ae3297da,a5,4,Exploratorio / investigativo B,14,1,14.0,2,2.0,0.9926140680171258
a18b2540-90e1-70f8-deb6-fc59ae3297da,a6,4,Exploratorio / investigativo B,3,1,3.0,3,0.6666666666666666,0.0
a18b2540-90e1-70f8-deb6-fc59ae3297da,a7,4,Exploratorio / investigativo B,19,1,19.0,4,2.0,0.5841479170272448
a1dba540-c071-705a-e705-3f35ce26988f,a4,4,Exploratorio / investigativo B,14,1,14.0,5,1.6,0.4353270558606967
a1eb05a0-7031-707b-b065-0f30c86f0a6e,a4,4,Exploratorio / investigativo B,55,1,55.0,7,3.0,1.1538272482864333
a1fb3570-f021-705f-6d23-353ec8617ab4,a2,4,Exploratorio / investigativo B,52,4,13.0,8,2.75,1.0771289961941632
b10b7510-d0b1-702f-66b3-3c1a07997d6d,a2,4,Exploratorio / investigativo B,25,5,5.0,7,2.0,0.6473684526213378
b13be530-5051-70d1-0e6c-be1458ec7929,a5,4,Exploratorio / investigativo B,21,1,21.0,6,1.8333333333333333,0.6567039881569753
b14ba500-e041-701b-eba7-204e26a8a5b7,a1,4,Exploratorio / investigativo B,11,1,11.0,4,1.75,0.5723116071272896
b14ba500-e041-701b-eba7-204e26a8a5b7,a3,4,Exploratorio / investigativo B,33,3,11.0,4,2.25,0.8705462456400315
b19b0560-c011-70d1-0a4f-c32cfa1ae4cd,a3,4,Exploratorio / investigativo B,96,2,48.0,8,3.5,1.236102867780418
b19b0560-c011-70d1-0a4f-c32cfa1ae4cd,a5,4,Exploratorio / investigativo B,75,3,25.0,10,3.4,1.2243047014307937
b19ba550-c0d1-706b-5b31-6f30f3eaa255,a2,4,Exploratorio / investigativo B,30,1,30.0,5,1.8,0.22773731051566354
b19ba550-c0d1-706b-5b31-6f30f3eaa255,a3,4,Exploratorio / investigativo B,25,3,8.333333333333334,6,2.3333333333333335,0.9345672320191162
b1abe580-4091-7066-5da1-2ce6aa6d0e3b,a1,4,Exploratorio / investigativo B,15,4,3.75,6,1.3333333333333333,1.0
b1bbe550-6071-708d-a4b6-8d280dff01d0,a3,4,Exploratorio / investigativo B,67,4,16.75,8,2.75,0.9402919147931874
b1bbe550-6071-708d-a4b6-8d280dff01d0,a4,4,Exploratorio / investigativo B,27,2,13.5,4,2.0,0.5982202872650229
b1bbe550-6071-708d-a4b6-8d280dff01d0,a7,4,Exploratorio / investigativo B,33,3,11.0,9,2.3333333333333335,0.8396521120937323
b1cb6570-80d1-70d6-b914-60bf3a31e5c7,a3,4,Exploratorio / investigativo B,14,2,7.0,5,1.6,0.47548875021634684
c10ba560-5051-7080-335e-1e8aaac1f227,a3,4,Exploratorio / investigativo B,8,2,4.0,4,1.5,0.6666666666666666
c11b3500-c051-70c9-5385-6797f6c08070,a3,4,Exploratorio / investigativo B,29,1,29.0,7,2.5714285714285716,1.1191385009044716
c11b3500-c051-70c9-5385-6797f6c08070,a4,4,Exploratorio / investigativo B,27,2,13.5,8,2.0,0.8117891916490354
c11b3500-c051-70c9-5385-6797f6c08070,a7,4,Exploratorio / investigativo B,53,7,7.571428571428571,8,1.875,0.3473448537267979
c11bd560-50c1-70ac-8129-15966669f4ae,a3,4,Exploratorio / investigativo B,38,1,38.0,7,3.5714285714285716,1.5401392795198883
c16be560-e061-709d-a447-5a0779910084,a3,4,Exploratorio / investigativo B,47,9,5.222222222222222,7,2.2857142857142856,0.7768202354870081
c16be560-e061-709d-a447-5a0779910084,a5,4,Exploratorio / investigativo B,37,2,18.5,6,2.6666666666666665,1.0729940410819558
c16be560-e061-709d-a447-5a0779910084,a6,4,Exploratorio / investigativo B,42,5,8.4,7,3.2857142857142856,1.4407690646609765
c17bf5d0-5091-70a9-0d1d-8fbc31f9c224,a2,4,Exploratorio / investigativo B,23,3,7.666666666666667,4,2.0,0.8126021296031533
c1ab6550-a0a1-7068-381c-46a9e01d4df5,a3,4,Exploratorio / investigativo B,18,2,9.0,5,1.4,0.28627760359539567
c1fbd5c0-a001-70fd-355d-eb03b3584e47,a3,4,Exploratorio / investigativo B,3,1,3.0,2,1.0,1.0
c1fbd5c0-a001-70fd-355d-eb03b3584e47,a4,4,Exploratorio / investigativo B,9,1,9.0,4,1.75,0.625
d17b4550-a0d1-7014-38bf-d8d68777c4f4,a4,4,Exploratorio / investigativo B,9,1,9.0,6,1.1666666666666667,0.16666666666666666
d17b6520-5071-7048-0b67-edd7ac9f9e44,a4,4,Exploratorio / investigativo B,23,1,23.0,8,2.125,0.7784458946396161
d1cb95b0-3071-70d0-f547-ba55b3123783,a1,4,Exploratorio / investigativo B,3,1,3.0,3,0.6666666666666666,0.0
d1db45a0-f051-702b-f627-c33637d4528c,a4,4,Exploratorio / investigativo B,19,3,6.333333333333333,5,1.8,0.6459147917027245
d1fb5550-1001-7057-b8f9-d17759791a6b,a4,4,Exploratorio / investigativo B,10,1,10.0,3,1.0,0.2717822215997982
e11ba5c0-60e1-7014-3010-a78f186a4362,a4,4,Exploratorio / investigativo B,5,1,5.0,3,1.0,0.4591479170272448
e11ba5c0-60e1-7014-3010-a78f186a4362,a6,4,Exploratorio / investigativo B,8,2,4.0,4,1.25,0.2295739585136224
e12ba500-f0e1-70f2-73ab-05c1cbc44b76,a2,4,Exploratorio / investigativo B,23,4,5.75,7,1.4285714285714286,0.6604785949028638
e14bd5d0-0021-70f1-8b50-efac4033a68a,a2,4,Exploratorio / investigativo B,8,1,8.0,3,2.3333333333333335,1.1949875002403854
e14bd5d0-0021-70f1-8b50-efac4033a68a,a3,4,Exploratorio / investigativo B,44,1,44.0,6,2.6666666666666665,0.8602152497063149
e14bd5d0-0021-70f1-8b50-efac4033a68a,a4,4,Exploratorio / investigativo B,42,1,42.0,7,2.7142857142857144,1.2847533827269912
e16b9530-e031-70ad-d225-033f2f45a27d,a2,4,Exploratorio / investigativo B,7,1,7.0,4,1.5,0.5
e16b9530-e031-70ad-d225-033f2f45a27d,a5,4,Exploratorio / investigativo B,27,2,13.5,6,2.0,0.6285866651199447
e18b6520-b0e1-70b8-ec64-a69aa95d052f,a2,4,Exploratorio / investigativo B,25,5,5.0,4,2.0,0.6981203125901445
e18b6520-b0e1-70b8-ec64-a69aa95d052f,a3,4,Exploratorio / investigativo B,33,3,11.0,6,1.6666666666666667,0.4890686193758375
e18b6520-b0e1-70b8-ec64-a69aa95d052f,a4,4,Exploratorio / investigativo B,8,1,8.0,5,1.4,0.4
e1bb25a0-d0b1-703c-dff4-aef708b16181,a2,4,Exploratorio / investigativo B,4,1,4.0,3,1.0,0.5
e1bb25a0-d0b1-703c-dff4-aef708b16181,a3,4,Exploratorio / investigativo B,3,1,3.0,1,1.0,0.0
e1cb8510-60e1-709a-53ce-18a04547e565,a2,4,Exploratorio / investigativo B,8,3,2.6666666666666665,3,1.3333333333333333,0.9591479170272448
e1cb8510-60e1-709a-53ce-18a04547e565,a3,4,Exploratorio / investigativo B,10,2,5.0,4,1.5,0.3427376486136672
e1cb8510-60e1-709a-53ce-18a04547e565,a5,4,Exploratorio / investigativo B,6,1,6.0,4,1.25,0.25
e1cb8510-60e1-709a-53ce-18a04547e565,a7,4,Exploratorio / investigativo B,19,2,9.5,4,2.75,1.3758145836939115
e1cb9560-4091-706e-840f-87a913394f9e,a7,4,Exploratorio / investigativo B,13,2,6.5,5,1.8,0.875
e1ebc590-7061-70e7-0b53-19e34682613b,a4,4,Exploratorio / investigativo B,10,1,10.0,3,1.6666666666666667,0.4863826390090816
e1ebc590-7061-70e7-0b53-19e34682613b,a5,4,Exploratorio / investigativo B,8,1,8.0,2,1.5,0.4591479170272448
e1ebc590-7061-70e7-0b53-19e34682613b,a7,4,Exploratorio / investigativo B,8,2,4.0,6,1.0,0.2
f11bc560-6081-70ae-2949-07ca788f237b,a3,4,Exploratorio / investigativo B,14,1,14.0,6,1.5,0.2916666666666667
f11bc560-6081-70ae-2949-07ca788f237b,a4,4,Exploratorio / investigativo B,30,4,7.5,7,2.142857142857143,0.723170981017989
f11bd590-d0f1-70a8-f80a-d8522e3d0cd6,a1,4,Exploratorio / investigativo B,30,4,7.5,7,1.8571428571428572,0.7675344513124854
f11bd590-d0f1-70a8-f80a-d8522e3d0cd6,a5,4,Exploratorio / investigativo B,19,1,19.0,5,1.8,0.3792481250360578
f14b7530-60e1-704a-f8d5-4855523e6d94,a3,4,Exploratorio / investigativo B,46,2,23.0,9,2.111111111111111,0.6407964663383027
f15b75b0-6011-7034-bf08-1dd66fe5cffa,a3,4,Exploratorio / investigativo B,14,2,7.0,5,1.6,0.6981203125901445
f15b75b0-6011-7034-bf08-1dd66fe5cffa,a6,4,Exploratorio / investigativo B,7,1,7.0,3,1.6666666666666667,0.6394319446848299
f16b2520-6021-70ee-b980-7a50d804795d,a3,4,Exploratorio / investigativo B,63,5,12.6,10,2.5,0.8197006846873311
f16b2520-6021-70ee-b980-7a50d804795d,a7,4,Exploratorio / investigativo B,40,5,8.0,6,2.8333333333333335,1.0547879598587002
f17ba530-1081-709f-a59d-3f05cc7fb431,a2,4,Exploratorio / investigativo B,27,1,27.0,7,2.7142857142857144,1.1230416426054126
f17ba530-1081-709f-a59d-3f05cc7fb431,a4,4,Exploratorio / investigativo B,33,3,11.0,6,2.6666666666666665,1.1021381755569213
f17ba530-1081-709f-a59d-3f05cc7fb431,a5,4,Exploratorio / investigativo B,31,1,31.0,7,1.7142857142857142,0.465831835792653
f1abd540-a0f1-70c2-5c22-206895f355ca,a3,4,Exploratorio / investigativo B,26,1,26.0,7,1.7142857142857142,0.31085866507855375
f1cba540-a0d1-70b2-f94d-ddac74add408,a4,4,Exploratorio / investigativo B,13,2,6.5,6,1.5,0.6741901188909337
011bb520-7041-704f-b3e7-ab5c43dd3950,a2,5,Semi-exploratorio,9,3,3.0,4,1.25,0.6394319446848299
011bd560-70e1-7036-62a9-3d29afd5179d,a3,5,Semi-exploratorio,33,2,16.5,7,2.0,0.7189681115952435
012b8580-9011-70e5-0aa0-480c3bb39caa,a3,5,Semi-exploratorio,5,1,5.0,4,1.0,0.3333333333333333
014b6540-3041-705c-365b-d2029fb91b21,a3,5,Semi-exploratorio,5,1,5.0,3,1.0,0.4591479170272448
014b6540-3041-705c-365b-d2029fb91b21,a4,5,Semi-exploratorio,14,2,7.0,3,2.0,0.7987468750600963
017b8560-6081-70e4-7303-6882d8635df0,a4,5,Semi-exploratorio,5,1,5.0,2,2.0,1.0
017bc500-50b1-70d6-f73f-a218553355df,a4,5,Semi-exploratorio,18,2,9.0,6,1.8333333333333333,0.5817669271584537
01cbf550-9041-70f1-3bbe-92176ffa992e,a2,5,Semi-exploratorio,27,5,5.4,6,2.0,0.4970564122500311
01cbf550-9041-70f1-3bbe-92176ffa992e,a5,5,Semi-exploratorio,7,1,7.0,2,1.5,0.36096404744368116
01eb0530-d011-70d4-70a6-3d8b36a0733f,a1,5,Semi-exploratorio,44,10,4.4,8,2.0,0.6440857128309484
01eb0530-d011-70d4-70a6-3d8b36a0733f,a6,5,Semi-exploratorio,101,11,9.181818181818182,9,2.5555555555555554,0.8892429657784644
01ebf5c0-7001-7089-68b3-ebba941641c4,a4,5,Semi-exploratorio,36,1,36.0,7,2.142857142857143,0.5536165168028188
01ebf5c0-7001-7089-68b3-ebba941641c4,a7,5,Semi-exploratorio,26,1,26.0,6,2.0,0.5347748251588441
113bc5a0-00c1-70a8-1558-53c8f78b1a99,a2,5,Semi-exploratorio,3,1,3.0,2,1.0,0.0
115ba5a0-f021-7098-63b7-6750e7705b72,a1,5,Semi-exploratorio,19,2,9.5,7,1.7142857142857142,0.46324360388943503
116b0520-f0b1-70d5-0575-61162dd862fd,a2,5,Semi-exploratorio,18,1,18.0,4,1.5,0.2478160651338572
116b0520-f0b1-70d5-0575-61162dd862fd,a4,5,Semi-exploratorio,4,1,4.0,3,1.0,0.5
116b0520-f0b1-70d5-0575-61162dd862fd,a5,5,Semi-exploratorio,8,1,8.0,4,1.5,0.6406426982957875
116b0520-f0b1-70d5-0575-61162dd862fd,a7,5,Semi-exploratorio,22,1,22.0,3,2.0,0.538123148628919
119b55f0-6001-70b7-9cf8-aff7a0dc1623,a2,5,Semi-exploratorio,13,3,4.333333333333333,4,1.5,0.6141236643923694
119b55f0-6001-70b7-9cf8-aff7a0dc1623,a3,5,Semi-exploratorio,5,1,5.0,3,1.3333333333333333,0.3333333333333333
119b55f0-6001-70b7-9cf8-aff7a0dc1623,a7,5,Semi-exploratorio,15,3,5.0,5,1.6,0.5300044843296708
11cb0520-80d1-70f1-831e-2d3d54b32de3,a7,5,Semi-exploratorio,54,2,27.0,6,2.3333333333333335,0.6957981009147728
11cb7520-40f1-70ca-46b8-915a77bae7de,a3,5,Semi-exploratorio,18,1,18.0,5,1.6,0.36333781766300416
11cb7520-40f1-70ca-46b8-915a77bae7de,a4,5,Semi-exploratorio,15,1,15.0,5,2.4,1.1383706192659349
11cb7520-40f1-70ca-46b8-915a77bae7de,a5,5,Semi-exploratorio,33,2,16.5,8,1.875,0.49551950622869684
11cb7520-40f1-70ca-46b8-915a77bae7de,a6,5,Semi-exploratorio,16,1,16.0,3,1.6666666666666667,0.41355684389222946
211b0520-f0e1-7015-0094-4310c79ba2e6,a2,5,Semi-exploratorio,39,3,13.0,7,2.4285714285714284,0.9561255270488614
211b0520-f0e1-7015-0094-4310c79ba2e6,a6,5,Semi-exploratorio,46,6,7.666666666666667,7,1.8571428571428572,0.36961251854022326
216bd550-9081-7098-93e3-10b74373ebe6,a7,5,Semi-exploratorio,6,1,6.0,3,1.6666666666666667,0.5283208335737187
218ba540-4081-70eb-5d75-b3fa54f82268,a2,5,Semi-exploratorio,30,1,30.0,7,1.8571428571428572,0.3961734792990545
218be570-f0f1-7033-b8df-1466adc57225,a6,5,Semi-exploratorio,9,2,4.5,6,1.1666666666666667,0.3169925001442312
219b2590-e041-704c-6a88-f3a3366c6cc5,a7,5,Semi-exploratorio,14,2,7.0,5,1.4,0.3836591668108979
21bb6580-40b1-7001-244b-d1c1ba0cec48,a1,5,Semi-exploratorio,5,1,5.0,3,1.0,0.4591479170272448
21db15f0-b041-70c8-aec0-cd297c0b55ac,a3,5,Semi-exploratorio,4,1,4.0,2,1.0,0.9182958340544896
21fb2560-d0c1-70cc-8456-cb80cc078b11,a4,5,Semi-exploratorio,15,1,15.0,3,1.6666666666666667,0.4685463540765222
21fb65c0-a0d1-7058-ae17-4b20090157aa,a1,5,Semi-exploratorio,32,1,32.0,7,2.0,0.5774144555584767
21fb65c0-a0d1-7058-ae17-4b20090157aa,a4,5,Semi-exploratorio,22,1,22.0,6,1.8333333333333333,0.48018246001834575
21fb65c0-a0d1-7058-ae17-4b20090157aa,a5,5,Semi-exploratorio,10,1,10.0,4,1.5,0.6394319446848298
310bd5d0-6061-7098-d41e-41b982248427,a4,5,Semi-exploratorio,20,1,20.0,7,1.5714285714285714,0.4498279939292294
311bb5b0-8031-704a-d26b-1a35da2044f9,a2,5,Semi-exploratorio,13,2,6.5,8,1.25,0.48698801581456036
312b35d0-2051-7020-d5a8-cf5e4a3d2b40,a3,5,Semi-exploratorio,5,2,2.5,3,1.0,1.584962500721156
312b35d0-2051-7020-d5a8-cf5e4a3d2b40,a5,5,Semi-exploratorio,10,2,5.0,5,1.4,0.3
313b9520-e021-70f9-4924-88d88686726c,a3,5,Semi-exploratorio,6,1,6.0,4,1.25,0.25
313b9520-e021-70f9-4924-88d88686726c,a7,5,Semi-exploratorio,6,1,6.0,3,1.3333333333333333,0.3060986113514965
315b9550-4081-7033-4f93-fe2be67cdfcc,a3,5,Semi-exploratorio,5,1,5.0,3,1.3333333333333333,0.3333333333333333
315b9550-4081-7033-4f93-fe2be67cdfcc,a4,5,Semi-exploratorio,7,1,7.0,2,1.5,0.5
31ab1560-b091-7055-7307-da7f622a0e6b,a4,5,Semi-exploratorio,26,1,26.0,7,1.7142857142857142,0.5223493096067652
31cb6500-d081-7067-9d22-37992452f2ad,a5,5,Semi-exploratorio,27,3,9.0,5,1.6,0.4028458641798799
31cb6500-d081-7067-9d22-37992452f2ad,a6,5,Semi-exploratorio,24,3,8.0,7,2.0,0.5506122674267494
31cb6500-d081-7067-9d22-37992452f2ad,a7,5,Semi-exploratorio,29,1,29.0,4,1.75,0.27977985578141784
31db5580-10e1-70d5-9f5c-004b166ac03c,a2,5,Semi-exploratorio,17,2,8.5,6,1.5,0.22612994157450658
31fbe520-0061-70e7-7783-8fdc38bd09fd,a3,5,Semi-exploratorio,14,1,14.0,6,1.6666666666666667,0.37265439177150544
31fbe520-0061-70e7-7783-8fdc38bd09fd,a4,5,Semi-exploratorio,15,1,15.0,3,1.6666666666666667,0.27222969610500697
31fbe520-0061-70e7-7783-8fdc38bd09fd,a5,5,Semi-exploratorio,28,1,28.0,3,1.6666666666666667,0.21945047415213584
410bf580-d041-70ad-e668-e60717bb3b98,a7,5,Semi-exploratorio,7,1,7.0,4,1.5,0.5
41cb85f0-d081-708c-e151-e2b062eb0f1d,a4,5,Semi-exploratorio,8,2,4.0,4,1.25,0.5
41cb85f0-d081-708c-e151-e2b062eb0f1d,a5,5,Semi-exploratorio,24,1,24.0,4,1.5,0.28252822660819127
41cb85f0-d081-708c-e151-e2b062eb0f1d,a7,5,Semi-exploratorio,10,1,10.0,3,1.6666666666666667,0.3829449514269722
41fb4560-10f1-7016-b8cc-cd2bc89239b7,a5,5,Semi-exploratorio,19,2,9.5,7,1.8571428571428572,0.5301110120592953
510bd5a0-3041-7058-e2cf-5c09d3db1009,a3,5,Semi-exploratorio,3,1,3.0,2,1.0,0.0
511bf560-b061-7030-1534-373d6182148d,a7,5,Semi-exploratorio,17,1,17.0,5,1.6,0.29822297001103715
514b6590-9031-70f3-bdf0-6fb6ff753346,a2,5,Semi-exploratorio,24,1,24.0,4,1.75,0.2645692608065835
516b7570-00e1-700e-b368-e544714cb230,a3,5,Semi-exploratorio,41,1,41.0,7,2.5714285714285716,0.903244092720361
51abb5c0-8061-70ad-a2f4-55de1f7ca8e9,a5,5,Semi-exploratorio,24,3,8.0,4,2.0,0.6894127651111437
51abb5c0-8061-70ad-a2f4-55de1f7ca8e9,a6,5,Semi-exploratorio,22,1,22.0,6,1.6666666666666667,0.37432045228195965
613b1510-4051-7027-1ee2-8f2c72d3c64b,a1,5,Semi-exploratorio,10,2,5.0,5,1.2,0.5
613b1510-4051-7027-1ee2-8f2c72d3c64b,a3,5,Semi-exploratorio,21,2,10.5,7,1.8571428571428572,0.5487468750600963
619bd5c0-3031-70df-5cbd-c3b6d763d84b,a1,5,Semi-exploratorio,9,1,9.0,4,2.0,0.75
61abe5e0-d021-7066-78e5-8732da2c09a0,a5,5,Semi-exploratorio,35,1,35.0,8,1.625,0.34890554899033116
61bb4560-e0e1-70b5-d308-ad58511a0fc5,a6,5,Semi-exploratorio,20,3,6.666666666666667,4,1.75,0.7936920039715356
61bb4560-e0e1-70b5-d308-ad58511a0fc5,a7,5,Semi-exploratorio,20,3,6.666666666666667,6,2.0,0.5562796299501435
710bd530-f031-7016-ebe5-ee614a366f14,a7,5,Semi-exploratorio,54,2,27.0,12,2.1666666666666665,0.56482043890148
711b6580-50d1-70c7-2c33-364aab9519a1,a2,5,Semi-exploratorio,49,3,16.333333333333332,8,1.625,0.239209292492438
711b6580-50d1-70c7-2c33-364aab9519a1,a3,5,Semi-exploratorio,30,1,30.0,7,2.142857142857143,0.6076859129387981
711b6580-50d1-70c7-2c33-364aab9519a1,a6,5,Semi-exploratorio,4,1,4.0,3,1.0,0.5
719b2530-2001-7002-244b-0c90ec1dc48d,a2,5,Semi-exploratorio,42,5,8.4,10,1.8,0.32833014022086415
719b2530-2001-7002-244b-0c90ec1dc48d,a4,5,Semi-exploratorio,44,1,44.0,6,2.5,0.7496771247177364
719b2530-2001-7002-244b-0c90ec1dc48d,a6,5,Semi-exploratorio,14,1,14.0,4,1.75,0.49660668218271065
71ab5570-8001-709a-1343-b36f475fb202,a3,5,Semi-exploratorio,17,1,17.0,5,2.2,0.8506516669551292
71ab5570-8001-709a-1343-b36f475fb202,a7,5,Semi-exploratorio,33,1,33.0,5,2.4,0.7873313348205863
71cb5540-20c1-70a9-1806-fbc6af5f0b86,a6,5,Semi-exploratorio,19,4,4.75,2,1.5,0.5
71cb5540-20c1-70a9-1806-fbc6af5f0b86,a7,5,Semi-exploratorio,17,2,8.5,2,1.5,0.3096910973393819
71db5530-00e1-709f-0e88-2c9a19f8dc8b,a1,5,Semi-exploratorio,3,1,3.0,2,1.0,0.0
811bc590-9011-705e-82d7-38a6c705a6c4,a5,5,Semi-exploratorio,24,2,12.0,3,2.0,0.6325303217334736
812b15e0-7001-7072-351b-af5182106bba,a1,5,Semi-exploratorio,5,1,5.0,2,1.5,0.5
812b15e0-7001-7072-351b-af5182106bba,a3,5,Semi-exploratorio,5,1,5.0,3,1.3333333333333333,1.0
813b4500-6031-701e-c56f-d60220a6081f,a3,5,Semi-exploratorio,30,3,10.0,6,2.5,0.9645040869393829
813b4500-6031-701e-c56f-d60220a6081f,a7,5,Semi-exploratorio,21,4,5.25,6,1.5,0.2129355728031859
817b9500-8071-700f-6d35-00db749ffca6,a3,5,Semi-exploratorio,42,2,21.0,9,2.111111111111111,0.6711522894561333
819bd5f0-c0b1-70e2-e723-7bfd5aa9f3ca,a4,5,Semi-exploratorio,5,1,5.0,3,1.3333333333333333,1.0
81bb0570-e0e1-70e9-3e09-b26d835387b4,a4,5,Semi-exploratorio,31,1,31.0,5,2.0,0.45997607192572926
81bb0570-e0e1-70e9-3e09-b26d835387b4,a7,5,Semi-exploratorio,41,2,20.5,5,2.2,0.5996829144084787
81eb45d0-00d1-7089-fd06-0ffbbe5e2c7a,a4,5,Semi-exploratorio,37,7,5.285714285714286,9,2.0,0.8759455811015069
81eb45d0-00d1-7089-fd06-0ffbbe5e2c7a,a7,5,Semi-exploratorio,6,2,3.0,3,1.3333333333333333,0.792481250360578
81fbe5c0-8001-7054-3ac3-3e9db3f6e198,a3,5,Semi-exploratorio,29,3,9.666666666666666,8,2.0,0.7485917040003724
81fbe5c0-8001-7054-3ac3-3e9db3f6e198,a7,5,Semi-exploratorio,46,1,46.0,8,1.75,0.27113917062664605
911b1530-f081-70c6-8ba9-81ba9defa173,a2,5,Semi-exploratorio,24,4,6.0,5,1.2,0.17496070997155966
911b1530-f081-70c6-8ba9-81ba9defa173,a5,5,Semi-exploratorio,17,2,8.5,3,2.3333333333333335,1.0543074132041752
911b55d0-a0f1-70ac-25c2-07f9eaa08392,a3,5,Semi-exploratorio,3,1,3.0,2,1.0,1.0
912bd5e0-5061-7098-cb02-8d6eae25468c,a3,5,Semi-exploratorio,6,1,6.0,3,1.6666666666666667,0.5283208335737187
919b25a0-0071-7022-b6bb-2716eefd7953,a7,5,Semi-exploratorio,14,1,14.0,2,1.5,0.32501121082417705
91ab25a0-f051-70ce-9d29-ac0649a68c53,a3,5,Semi-exploratorio,28,6,4.666666666666667,9,1.7777777777777777,0.6787205605982338
91ab25a0-f051-70ce-9d29-ac0649a68c53,a5,5,Semi-exploratorio,15,1,15.0,6,1.5,0.4117627780662402
91ab45a0-6011-7078-f1e9-b3a94075f7b7,a5,5,Semi-exploratorio,60,1,60.0,5,3.4,1.465988506509936
91bbd550-f0a1-7047-142d-6aeab04713b1,a3,5,Semi-exploratorio,24,1,24.0,7,2.0,0.45415945031802124
91bbd550-f0a1-7047-142d-6aeab04713b1,a4,5,Semi-exploratorio,14,1,14.0,3,2.0,0.7142300931534918
91bbd550-f0a1-7047-142d-6aeab04713b1,a6,5,Semi-exploratorio,9,1,9.0,2,1.5,0.29583638929116374
91bbd550-f0a1-7047-142d-6aeab04713b1,a7,5,Semi-exploratorio,10,1,10.0,3,1.0,0.2717822215997982
91eb4560-80d1-706f-3e42-8631c8034d21,a3,5,Semi-exploratorio,3,1,3.0,2,1.0,1.0
91eb4560-80d1-706f-3e42-8631c8034d21,a7,5,Semi-exploratorio,4,1,4.0,2,1.0,0.0
91fb2530-b051-70f2-9bbb-1733c381bfbc,a3,5,Semi-exploratorio,9,2,4.5,4,1.25,0.45698353148488957
a10bd580-0091-709a-49e7-6e9c96ea58c6,a2,5,Semi-exploratorio,10,2,5.0,4,1.25,0.18048202372184058
a10bd580-0091-709a-49e7-6e9c96ea58c6,a4,5,Semi-exploratorio,56,7,8.0,6,1.5,0.1962550622543236
a15b55c0-6081-70cd-a61b-afbdaf0eff13,a3,5,Semi-exploratorio,24,3,8.0,6,1.6666666666666667,0.40426753316949054
a15b55c0-6081-70cd-a61b-afbdaf0eff13,a5,5,Semi-exploratorio,20,1,20.0,5,1.8,0.5251629167387823
a15bd5a0-20b1-705d-cacd-efb43606a358,a4,5,Semi-exploratorio,19,1,19.0,6,2.1666666666666665,0.8320384550564244
a1bbb550-8001-709c-3ebb-799cd4aa893f,a3,5,Semi-exploratorio,19,3,6.333333333333333,2,2.0,0.8488228356732873
a1bbb550-8001-709c-3ebb-799cd4aa893f,a7,5,Semi-exploratorio,10,1,10.0,2,1.5,0.2717822215997982
a1cb4570-5011-70b5-5fdf-1eaee3de61f4,a1,5,Semi-exploratorio,11,1,11.0,4,1.5,0.28720871357022915
a1cb4570-5011-70b5-5fdf-1eaee3de61f4,a3,5,Semi-exploratorio,45,4,11.25,7,2.0,0.43648618473526674
a1cb4570-5011-70b5-5fdf-1eaee3de61f4,a4,5,Semi-exploratorio,46,2,23.0,7,2.0,0.3403540889473731
a1dba540-c071-705a-e705-3f35ce26988f,a2,5,Semi-exploratorio,7,1,7.0,3,1.0,0.0
a1eba540-c0b1-7047-0613-98a1815ad2ae,a3,5,Semi-exploratorio,31,3,10.333333333333334,8,2.0,0.7185492931920503
a1eba540-c0b1-7047-0613-98a1815ad2ae,a4,5,Semi-exploratorio,9,1,9.0,4,1.75,0.625
a1ebb500-9081-70a6-c0d9-6fc5a9b63b7d,a7,5,Semi-exploratorio,3,1,3.0,2,1.0,0.0
a1fb3570-f021-705f-6d23-353ec8617ab4,a3,5,Semi-exploratorio,85,4,21.25,13,2.6153846153846154,0.7635153055152885
a1fb3570-f021-705f-6d23-353ec8617ab4,a4,5,Semi-exploratorio,50,1,50.0,8,2.75,1.1979169932632359
a1fbb540-3041-70e7-def6-bcec00a31d99,a2,5,Semi-exploratorio,21,2,10.5,5,2.0,0.8560430224146491
a1fbb540-3041-70e7-def6-bcec00a31d99,a3,5,Semi-exploratorio,21,3,7.0,6,1.3333333333333333,0.20677842194611473
a1fbd5d0-e0e1-7054-7a08-05c01f9a74b1,a2,5,Semi-exploratorio,4,1,4.0,2,1.5,0.5
b13be530-5051-70d1-0e6c-be1458ec7929,a7,5,Semi-exploratorio,24,2,12.0,5,2.0,0.4576539818657981
b14ba500-e041-701b-eba7-204e26a8a5b7,a7,5,Semi-exploratorio,23,1,23.0,7,1.7142857142857142,0.42693218498539265
b17b05e0-3031-7053-8f2e-c462e449a396,a5,5,Semi-exploratorio,4,1,4.0,2,1.5,0.5
b1cb15d0-c071-70b9-1731-442bca494a97,a2,5,Semi-exploratorio,31,3,10.333333333333334,8,2.375,0.8561512106154885
c10ba560-5051-7080-335e-1e8aaac1f227,a2,5,Semi-exploratorio,16,6,2.6666666666666665,4,1.5,0.7929278311620584
c10ba560-5051-7080-335e-1e8aaac1f227,a5,5,Semi-exploratorio,42,9,4.666666666666667,5,2.0,0.5003258334775647
c11b2520-70e1-70c8-4f5c-e637ca6a861c,a4,5,Semi-exploratorio,3,1,3.0,2,1.0,0.0
c11b2520-70e1-70c8-4f5c-e637ca6a861c,a6,5,Semi-exploratorio,11,1,11.0,3,1.6666666666666667,0.353759374819711
c11bd560-50c1-70ac-8129-15966669f4ae,a5,5,Semi-exploratorio,29,1,29.0,6,2.0,0.6811646170566509
c16b2580-e0d1-70dd-532d-007653cefda9,a4,5,Semi-exploratorio,7,2,3.5,2,1.5,0.5
c16be560-e061-709d-a447-5a0779910084,a7,5,Semi-exploratorio,85,3,28.333333333333332,9,2.6666666666666665,0.8029641942708879
c17b5520-f0b1-70c8-8bf1-0f5bd26a0cad,a3,5,Semi-exploratorio,39,3,13.0,7,2.142857142857143,0.8340280638465412
c17b5520-f0b1-70c8-8bf1-0f5bd26a0cad,a6,5,Semi-exploratorio,11,2,5.5,4,1.5,0.3129072918469557
c17b5520-f0b1-70c8-8bf1-0f5bd26a0cad,a7,5,Semi-exploratorio,6,1,6.0,3,1.6666666666666667,0.5283208335737187
c17be530-0011-7066-b860-92d133614a57,a3,5,Semi-exploratorio,23,2,11.5,8,2.125,0.8663239785842387
c17be530-0011-7066-b860-92d133614a57,a4,5,Semi-exploratorio,20,1,20.0,4,1.5,0.6227975763367876
c17be530-0011-7066-b860-92d133614a57,a6,5,Semi-exploratorio,20,3,6.666666666666667,6,1.8333333333333333,0.501406307980547
c17be530-0011-7066-b860-92d133614a57,a7,5,Semi-exploratorio,4,1,4.0,2,1.0,0.9182958340544896
c17bf5d0-5091-70a9-0d1d-8fbc31f9c224,a3,5,Semi-exploratorio,11,2,5.5,5,1.2,0.1941901188909337
c17bf5d0-5091-70a9-0d1d-8fbc31f9c224,a6,5,Semi-exploratorio,21,2,10.5,5,1.6,0.6366483910737346
c18b0590-1021-70b2-a04d-7da82bf20079,a3,5,Semi-exploratorio,10,1,10.0,3,1.3333333333333333,0.287706856188877
c1ab6550-a0a1-7068-381c-46a9e01d4df5,a4,5,Semi-exploratorio,4,1,4.0,3,1.0,0.0
c1ab8590-4021-709d-24e8-65c1ff2dac53,a2,5,Semi-exploratorio,17,2,8.5,5,1.8,0.8017192362709253
c1ab8590-4021-709d-24e8-65c1ff2dac53,a3,5,Semi-exploratorio,30,3,10.0,8,2.25,0.8726345014893259
c1ab95b0-80d1-7047-e0fd-cf25383a25c1,a3,5,Semi-exploratorio,8,1,8.0,3,1.3333333333333333,0.6258145836939114
c1abe560-20f1-70dc-393f-5a083011e23f,a3,5,Semi-exploratorio,5,1,5.0,4,1.0,0.0
c1abe560-20f1-70dc-393f-5a083011e23f,a5,5,Semi-exploratorio,3,1,3.0,2,1.0,1.0
c1eb8590-5071-70c5-90a9-bcbf8ca28ccb,a3,5,Semi-exploratorio,7,1,7.0,4,1.25,0.5
c1eb8590-5071-70c5-90a9-bcbf8ca28ccb,a6,5,Semi-exploratorio,23,1,23.0,3,2.0,0.5914144343057566
d16ba510-9071-703c-6c73-2f57834ea988,a1,5,Semi-exploratorio,6,2,3.0,3,1.0,0.4591479170272448
d16ba510-9071-703c-6c73-2f57834ea988,a5,5,Semi-exploratorio,10,2,5.0,5,1.4,0.4
d17b0530-40c1-7051-3339-0d2a5bb89823,a1,5,Semi-exploratorio,3,1,3.0,2,1.0,0.0
d17b4550-a0d1-7014-38bf-d8d68777c4f4,a1,5,Semi-exploratorio,7,2,3.5,5,1.0,0.25
d17b6520-5071-7048-0b67-edd7ac9f9e44,a1,5,Semi-exploratorio,7,2,3.5,3,1.6666666666666667,0.6666666666666666
d1fb5550-1001-7057-b8f9-d17759791a6b,a1,5,Semi-exploratorio,3,1,3.0,2,1.0,1.0
d1fb5550-1001-7057-b8f9-d17759791a6b,a3,5,Semi-exploratorio,4,1,4.0,3,1.0,0.5
e11ba5c0-60e1-7014-3010-a78f186a4362,a3,5,Semi-exploratorio,10,2,5.0,5,1.4,0.5
e12ba500-f0e1-70f2-73ab-05c1cbc44b76,a4,5,Semi-exploratorio,77,9,8.555555555555555,10,2.2,0.5812206975546512
e12ba500-f0e1-70f2-73ab-05c1cbc44b76,a6,5,Semi-exploratorio,30,3,10.0,4,1.5,0.12829629468431883
e12ba500-f0e1-70f2-73ab-05c1cbc44b76,a7,5,Semi-exploratorio,54,5,10.8,6,2.1666666666666665,0.6910189295399208
e14bd5c0-2091-70a1-3e0d-252a10bc1372,a2,5,Semi-exploratorio,16,2,8.0,3,1.3333333333333333,0.13793895010121124
e14bd5d0-0021-70f1-8b50-efac4033a68a,a5,5,Semi-exploratorio,27,1,27.0,5,2.0,0.5197704414640966
e17b7530-3021-70d1-5891-3515d4c26ec6,a3,5,Semi-exploratorio,8,2,4.0,3,1.3333333333333333,0.9056390622295665
e17b7530-3021-70d1-5891-3515d4c26ec6,a4,5,Semi-exploratorio,33,3,11.0,8,2.25,0.9675327524515509
e1cb9560-4091-706e-840f-87a913394f9e,a4,5,Semi-exploratorio,4,1,4.0,3,1.0,0.0
e1fbb500-50c1-7067-3f5b-f2a306231361,a4,5,Semi-exploratorio,14,2,7.0,4,1.25,0.6783898247235198
e1fbb500-50c1-7067-3f5b-f2a306231361,a6,5,Semi-exploratorio,5,1,5.0,2,1.0,0.0
f16b2520-6021-70ee-b980-7a50d804795d,a4,5,Semi-exploratorio,79,11,7.181818181818182,8,3.125,1.112818236728459
f16b2520-6021-70ee-b980-7a50d804795d,a5,5,Semi-exploratorio,102,9,11.333333333333334,8,2.625,1.0197709621455842
f16b2520-6021-70ee-b980-7a50d804795d,a6,5,Semi-exploratorio,28,2,14.0,6,2.0,0.7934131919247882
f17ba530-1081-709f-a59d-3f05cc7fb431,a3,5,Semi-exploratorio,36,2,18.0,6,2.6666666666666665,1.1512734228909252
f1abb5c0-3001-7042-a4b5-d6561c36322c,a6,5,Semi-exploratorio,22,3,7.333333333333333,5,2.2,0.6731269260484086
f1cbc5b0-a0b1-7062-ca17-580f39de4c83,a6,5,Semi-exploratorio,26,2,13.0,4,2.5,0.9642544273988392
